,sleepdisable,i,itr,dvfs,rate,policy,nmappers,pkg_watts_avg,pkg_watts_std,ram_watts_avg,ram_watts_std,pollCnt,c1Cnt,c1eCnt,c3Cnt,c6Cnt,rxPackets,rxBytes,txPackets,txBytes,erxPackets,erxBytes,etxPackets,etxBytes,SinknumRecordsInPerSecond_avg,SinknumRecordsInPerSecond_std,SinknumRecordsOutPerSecond_avg,SinknumRecordsOutPerSecond_std,SinkbusyTimeMsPerSecond_avg,SinkbusyTimeMsPerSecond_std,SinkbackPressuredTimeMsPerSecond_avg,SinkbackPressuredTimeMsPerSecond_std,SinkbusyTime_%,SinkbackPressuredTime_%,SourcenumRecordsInPerSecond_avg,SourcenumRecordsInPerSecond_std,SourcenumRecordsOutPerSecond_avg,SourcenumRecordsOutPerSecond_std,SourcebusyTimeMsPerSecond_avg,SourcebusyTimeMsPerSecond_std,SourcebackPressuredTimeMsPerSecond_avg,SourcebackPressuredTimeMsPerSecond_std,SourcebusyTime_%,SourcebackPressuredTime_%,MappernumRecordsInPerSecond_avg,MappernumRecordsInPerSecond_std,MappernumRecordsOutPerSecond_avg,MappernumRecordsOutPerSecond_std,MapperbusyTimeMsPerSecond_avg,MapperbusyTimeMsPerSecond_std,MapperbackPressuredTimeMsPerSecond_avg,MapperbackPressuredTimeMsPerSecond_std,MapperbusyTime_%,MapperbackPressuredTime_%
0,0,0,1,1.0,100000,ondemand,8,53.59,1.84,11.23,0.27,749,633503,21503,0,211089,14047719,20495925956,6572954,8355710691,20104,1289412,10657,10657,99982.64988425924,36.82711030374646,0.0,0.0,69.65277777777777,3.398494835596679,0.0,0.0,6.965277777777777,0.0,0.0,0.0,99976.49649373638,43.02903570444372,0.0,0.0,120.08455882352942,6.35341643807782,0.0,12.00845588235294,199967.92152777774,17.240124900429485,199967.9138888889,17.252889740214346,410.86111111111114,4.208011260758501,0.0,0.0,41.08611111111111,0.0
1,0,0,1,1.0,200000,ondemand,8,93.1,1.29,14.86,0.21,1920,2072618,146550,0,776459,28100294,40955755964,13619767,16663567645,20320,1306662,11958,11958,199889.2582175926,126.95374171622723,0.0,0.0,158.80555555555554,3.874277883605465,0.0,0.0,15.880555555555556,0.0,0.0,0.0,199899.83493327888,183.05513366207066,0.0,0.0,427.5800653594771,32.65231640044925,0.0,42.758006535947715,399799.61435185187,350.66462499224184,399799.6262731481,350.65818619090794,871.5694444444445,18.314316533093752,0.0,0.0,87.15694444444445,0.0
2,0,0,1,1.0,300000,ondemand,8,99.58,0.56,14.72,0.08,1338,1020253,91054,0,397720,30513695,44380482861,14269956,18003492929,18011,1152736,10747,10747,215330.72199074074,1439.329487944015,0.0,0.0,178.11805555555554,5.498863935073025,0.0,0.0,17.811805555555555,0.0,0.0,0.0,215326.00304330065,1441.32232267712,0.0,0.0,551.859068627451,11.305833688132463,0.0,55.1859068627451,430650.91041666665,2880.4367547826023,430650.91122685187,2880.433460322253,936.6875,15.79091051119356,0.0,0.0,93.66875,0.0
3,0,0,2,1.2,100000,userspace,8,53.25,0.94,13.62,0.07,7228,775839,141201,0,966046,14097015,20149339851,6834071,8235047575,19256,1234801,10900,10900,96225.88310185185,809.3903134249065,0.0,0.0,35.072916666666664,3.6297299240138363,0.0,0.0,3.5072916666666667,0.0,0.0,0.0,96227.48901824618,798.2072150311033,0.0,0.0,764.6815767973856,43.27896841286619,0.0,76.46815767973857,192460.52881944447,1643.212734624066,192460.53807870368,1643.2186681320181,928.5347222222222,24.182870989102096,0.0,0.0,92.85347222222222,0.0
4,0,0,2,1.4,100000,userspace,8,52.02,0.81,13.07,0.14,684,358629,63616,0,245413,14032633,20370647712,6691823,8316988746,20161,1296805,17681,17681,99981.04212962963,24.377792143672746,0.0,0.0,81.98611111111111,3.030965582265991,0.0,0.0,8.19861111111111,0.0,0.0,0.0,99999.17760416667,5.49465222671876,0.0,0.0,432.14522058823525,9.141366465274345,0.0,43.21452205882353,199995.24467592593,61.8972475706089,199995.25162037037,61.89976515025198,778.4097222222222,7.009539914112574,0.0,0.0,77.84097222222223,0.0
5,0,0,2,1.6,100000,userspace,8,53.0,0.91,12.52,0.15,1584,482026,52965,0,330824,13895774,20212520937,6634679,8254295663,19113,1232723,27779,27779,100003.92887731481,43.93450497564482,0.0,0.0,80.37152777777777,3.5965227193683456,0.0,0.0,8.037152777777777,0.0,0.0,0.0,99999.93230868736,37.80036065496198,0.0,0.0,359.21691176470586,7.6218882396849,0.0,35.92169117647059,200012.83136574074,62.35713364128814,200012.83773148147,62.3517861742061,693.9930555555557,6.347729383900119,0.0,0.0,69.39930555555556,0.0
6,0,0,2,1.8,100000,userspace,8,56.3,1.81,13.09,0.31,12989,1069422,103310,0,728134,13869903,20130622089,6957722,8236646332,18717,1205792,22790,22790,99985.99137731481,37.22613019273987,0.0,0.0,32.74305555555556,3.6726768471699813,0.0,0.0,3.274305555555556,0.0,0.0,0.0,99997.21135961328,36.17609015632827,0.0,0.0,317.4415849673203,17.784853608639416,0.0,31.744158496732027,199993.60636574076,50.518175244102395,199993.60532407404,50.51222944662782,641.75,19.410382976793485,0.0,0.0,64.17500000000001,0.0
7,0,0,2,2.0,100000,userspace,8,57.22,1.61,12.72,0.27,1324,458761,57241,0,254313,13875492,20125503864,6670269,8223602915,19418,1249904,22622,22622,100002.88379629629,16.21341097922687,0.0,0.0,74.37152777777777,3.8279404408785007,0.0,0.0,7.4371527777777775,0.0,0.0,0.0,99983.122729439,24.04218848280016,0.0,0.0,282.8654003267974,15.210252170996274,0.0,28.28654003267974,199978.2340277778,19.359686181765056,199978.2304398148,19.363101293738588,597.0347222222222,18.241229976354617,0.0,0.0,59.703472222222224,0.0
8,0,0,2,2.2,100000,userspace,8,54.01,2.37,11.8,0.32,2343,480483,26355,0,418214,13932306,20303334207,6608869,8287240887,18674,1203795,22641,22641,99999.98310185185,0.06967284969176135,0.0,0.0,78.75,3.2055357333360646,0.0,0.0,7.875,0.0,0.0,0.0,99999.44166666667,0.7900054146459008,0.0,0.0,183.03084150326796,4.98435361477228,0.0,18.303084150326796,199998.50810185185,2.367627807768617,199998.5074074074,2.3654020871276593,487.6388888888889,2.5998839387716557,0.0,0.0,48.763888888888886,0.0
9,0,0,2,2.4,100000,userspace,8,57.17,2.7,12.17,0.34,16796,732364,76537,0,897436,13784328,20038291907,7030439,8205513469,18624,1197672,20456,20456,100005.45162037038,54.57883420879483,0.0,0.0,77.61805555555556,4.08719192620421,0.0,0.0,7.761805555555555,0.0,0.0,0.0,99974.85771718409,85.4771985070459,0.0,0.0,173.86029411764707,23.380085530423386,0.0,17.386029411764707,199961.20868055557,171.2903866039234,199961.2185185185,171.28689885491235,459.99305555555554,14.767024393188485,0.0,0.0,45.99930555555555,0.0
10,0,0,2,2.6,100000,userspace,8,54.24,2.31,11.25,0.24,1097,353060,16995,0,165769,13698441,19991753079,6478632,8160619022,20013,1282447,10842,10842,99984.44820601851,68.6506544230227,0.0,0.0,72.37152777777777,2.709335978574159,0.0,0.0,7.237152777777778,0.0,0.0,0.0,99994.52170138889,8.499829329071437,0.0,0.0,123.22773692810459,3.9822902960213518,0.0,12.322773692810458,199990.63009259262,39.36134021854106,199990.61504629633,39.38563600724262,406.79166666666663,2.4434963908074385,0.0,0.0,40.67916666666667,0.0
11,0,0,100,1.2,100000,userspace,8,52.58,0.71,13.35,0.11,301,360103,113714,0,283445,14004086,20411820588,6481685,8319254412,17917,1149424,10998,10998,99983.59016203703,44.03095347088757,0.0,0.0,67.37152777777777,3.5064336817705835,0.0,0.0,6.737152777777778,0.0,0.0,0.0,99997.603125,3.4168508591083357,0.0,0.0,548.2745098039215,13.015632358416996,0.0,54.82745098039216,199972.14409722225,32.36005713956043,199972.134375,32.36332999891431,934.75,4.5401023803942415,0.0,0.0,93.475,0.0
12,0,0,100,1.4,100000,userspace,8,53.89,1.42,13.12,0.2,335,528928,105918,0,315888,14031261,20444300360,6526038,8335258371,19520,1253161,19967,19967,99993.28802083334,41.96992879000732,0.0,0.0,76.31597222222223,3.8439888474800292,0.0,0.0,7.631597222222222,0.0,0.0,0.0,99999.12564338234,31.121573649208145,0.0,0.0,422.249387254902,15.724329466608253,0.0,42.22493872549019,200008.30358796296,81.90063832797718,200008.3059027778,81.90362402783785,786.4236111111112,16.498377620592144,0.0,0.0,78.64236111111111,0.0
13,0,0,100,1.6,100000,userspace,8,52.7,1.41,12.56,0.26,447,637298,103365,0,366421,13859193,20183119582,6459039,8229376376,19285,1258555,58217,58217,99986.91707175925,31.555477096973405,0.0,0.0,75.82986111111111,3.751136996170957,0.0,0.0,7.5829861111111105,0.0,0.0,0.0,99999.49426742918,25.555032677454427,0.0,0.0,355.28022875817,7.44957046742061,0.0,35.528022875816994,199981.1619212963,12.857181855398093,199981.14236111112,12.873932359332294,690.4791666666667,7.272173473681241,0.0,0.0,69.04791666666668,0.0
14,0,0,100,1.8,100000,userspace,8,51.09,1.17,-533.88,5957.63,537,620270,49649,0,232345,13859359,20244634043,6403428,8253467427,20094,1305646,55345,55345,99992.3005787037,35.37116861773372,0.0,0.0,83.35763888888889,2.900693980418768,0.0,0.0,8.335763888888888,0.0,0.0,0.0,99984.89780092593,36.3707758723617,0.0,0.0,276.1074346405229,6.387211854219768,0.0,27.610743464052288,199971.64421296294,35.823944013514335,199971.6611111111,35.83114965091171,590.3055555555557,4.095786416739197,0.0,0.0,59.03055555555555,0.0
15,0,0,100,2.0,100000,userspace,8,58.71,1.58,12.76,0.26,666,751964,134336,0,372275,13816012,20101594857,6455113,8189849151,18503,1203932,51774,51774,100000.0,0.0,0.0,0.0,87.19791666666667,3.0891986133105123,0.0,0.0,8.719791666666667,0.0,0.0,0.0,100000.0,0.0,0.0,0.0,307.5765931372549,11.977610858007413,0.0,30.75765931372549,200000.0,0.0,200000.0,0.0,620.5486111111112,15.001499794046543,0.0,0.0,62.05486111111111,0.0
16,0,0,100,2.2,100000,userspace,8,57.11,1.94,12.29,0.29,630,718329,96835,0,333848,13773548,20105899107,6403712,8191101906,19489,1248858,11596,11596,99999.0275462963,6.314331192644762,0.0,0.0,81.47222222222223,3.3199556242223807,0.0,0.0,8.147222222222222,0.0,0.0,0.0,100000.0,0.0,0.0,0.0,248.17422385620915,9.052779051873546,0.0,24.817422385620915,200001.09699074074,4.523008694398855,200001.0974537037,4.524917539595456,539.7638888888889,6.597077337721521,0.0,0.0,53.97638888888889,0.0
17,0,0,100,2.4,100000,userspace,8,57.07,1.62,11.95,0.2,504,650091,47609,0,238451,13664380,19957891401,6266114,8124899245,18175,1163228,10978,10978,100000.0,0.0,0.0,0.0,32.52083333333333,3.286330591136499,0.0,0.0,3.252083333333333,0.0,0.0,0.0,100000.0,0.0,0.0,0.0,170.30269607843138,4.805548797302896,0.0,17.030269607843135,200000.0,0.0,200000.0,0.0,476.7361111111111,2.725706413652632,0.0,0.0,47.673611111111114,0.0
18,0,0,100,2.6,100000,userspace,8,54.29,2.18,11.34,0.27,415,572625,21427,0,187712,13636315,19987721981,6189337,8136977182,17769,1140036,10827,10827,100000.0,0.0,0.0,0.0,74.44444444444444,2.51553490467197,0.0,0.0,7.444444444444445,0.0,0.0,0.0,100000.0,0.0,0.0,0.0,124.92524509803921,3.6383013894490475,0.0,12.492524509803921,200000.0,0.0,200000.0,0.0,408.2152777777777,1.8287612482645048,0.0,0.0,40.821527777777774,0.0
19,0,0,200,1.2,100000,userspace,8,51.76,0.61,13.53,0.12,317,337844,164774,0,371682,13913771,20306127558,6311128,8266095066,17146,1099167,10687,10687,100002.01811342592,28.51755627423418,0.0,0.0,75.06597222222223,4.116392461315579,0.0,0.0,7.506597222222222,0.0,0.0,0.0,99993.04318150872,29.79139406739693,0.0,0.0,532.5116421568628,10.234042743231482,0.0,53.25116421568627,199994.46493055555,15.803877287155592,199994.46516203703,15.799060889971408,911.5763888888889,6.8590635745057345,0.0,0.0,91.1576388888889,0.0
20,0,0,200,1.4,100000,userspace,8,49.3,1.29,12.66,0.25,301,380779,108115,0,290204,14002456,20467478992,6291187,8330850844,21224,1362447,10978,10978,100021.90700231481,56.690789070058585,0.0,0.0,31.21875,3.350114164582891,0.0,0.0,3.121875,0.0,0.0,0.0,100018.55886097494,36.63192465189811,0.0,0.0,388.6625816993464,9.819858635398152,0.0,38.86625816993464,200044.77407407406,87.3314601296737,200044.77141203702,87.33138957636193,736.375,4.510771475957702,0.0,0.0,73.6375,0.0
21,0,0,200,1.6,100000,userspace,8,50.33,1.41,12.38,0.23,441,374092,113286,0,297801,13792924,20191104881,6182806,8216721846,18017,1159735,13605,13605,99999.81192129629,31.32299240991364,0.0,0.0,85.04166666666666,3.1394520451929995,0.0,0.0,8.504166666666666,0.0,0.0,0.0,99987.34506740197,38.22716698984074,0.0,0.0,347.984272875817,8.503645845930405,0.0,34.7984272875817,199980.15104166663,33.84383539837504,199980.1648148148,33.852740441615154,676.6180555555557,8.020800114044501,0.0,0.0,67.66180555555556,0.0
22,0,0,200,1.8,100000,userspace,8,53.6,1.24,12.83,0.25,554,368602,190759,0,444408,13799345,20138332557,6224232,8193084132,18910,1214271,10578,10578,100012.52413194443,13.764449416896852,0.0,0.0,73.73263888888889,3.402067487342752,0.0,0.0,7.373263888888889,0.0,0.0,0.0,99985.60041530502,20.067698877708327,0.0,0.0,288.8335375816994,15.995857824211715,0.0,28.883353758169935,199991.10497685187,14.73313481159158,199991.12268518517,14.74218802266861,607.25,15.891038417418144,0.0,0.0,60.725,0.0
23,0,0,200,2.0,100000,userspace,8,53.47,1.7,12.43,0.26,412,390170,110829,0,295658,13810328,20181983158,6137020,8201204439,18932,1214033,14361,14361,99985.81811342594,36.25509450604159,0.0,0.0,93.72916666666666,2.962246299107185,0.0,0.0,9.372916666666667,0.0,0.0,0.0,99994.34041053921,35.70500924541978,0.0,0.0,244.578227124183,6.872905474419698,0.0,24.457822712418302,199985.69768518518,54.329013409517245,199985.69097222222,54.34031976604383,560.0972222222223,7.848333738604772,0.0,0.0,56.00972222222222,0.0
24,0,0,200,2.2,100000,userspace,8,55.76,1.9,12.08,0.26,501,393245,104656,0,310652,13797739,20228921611,6135732,8230117862,22543,1447455,13786,13786,99973.97251157407,47.80933392456866,0.0,0.0,29.30902777777778,3.0851936861219453,0.0,0.0,2.930902777777778,0.0,0.0,0.0,99966.8144675926,41.61805871116563,0.0,0.0,221.25,6.900950475382817,0.0,22.125,199938.04606481484,63.97311089936299,199937.98321759258,63.926665164262005,517.8194444444445,8.07421777490634,0.0,0.0,51.78194444444445,0.0
25,0,0,200,2.4,100000,userspace,8,53.37,2.14,11.65,0.29,588,393598,151904,0,327202,13729180,20141098930,6175210,8199364220,19780,1276198,27507,27507,99998.94675925927,4.342622823277791,0.0,0.0,27.8125,3.30175004851423,0.0,0.0,2.78125,0.0,0.0,0.0,100000.0,0.0,0.0,0.0,170.29289215686273,9.721092646910414,0.0,17.029289215686276,199999.77824074076,0.9143368493859347,199999.77928240743,0.9100419476919164,452.27777777777777,9.291061138456593,1.4513888888888888,5.9842296927367435,45.227777777777774,0.14513888888888887
26,0,0,200,2.6,100000,userspace,8,52.99,2.06,11.23,0.25,365,388484,61334,0,225072,13661721,20091376811,5972221,8160271795,20063,1290402,25724,25724,99999.19739583333,28.594015783202494,0.0,0.0,63.260416666666664,2.8890583252326945,0.0,0.0,6.326041666666667,0.0,0.0,0.0,99993.03987268519,9.683589010830342,0.0,0.0,117.921772875817,5.1956396235292015,0.0,11.7921772875817,199937.19282407407,21.122168602807758,199937.17291666666,21.110253646699462,407.6736111111111,3.3392377951763756,0.0,0.0,40.767361111111114,0.0
27,0,0,300,1.2,100000,userspace,8,51.5,0.38,14.05,0.14,299,60181,132668,0,522318,12393973,17888679982,5407655,7283538802,18922,1212508,14510,14510,87387.18148148147,432.64061873305013,0.0,0.0,79.30208333333333,3.470364353544618,0.0,0.0,7.930208333333334,0.0,0.0,0.0,87374.86341571351,462.8432682147955,0.0,0.0,781.6456290849673,9.430564962431482,0.0,78.16456290849673,174776.7403935185,909.4635007767642,174776.7395833333,909.4679885482659,858.3263888888888,18.524119514017592,0.0,0.0,85.83263888888888,0.0
28,0,0,300,1.4,100000,userspace,8,51.38,0.91,13.11,0.16,426,241760,163626,0,356008,13953536,20399850936,6170382,8292226001,18697,1199857,15185,15185,99996.67690972223,25.996696295366796,0.0,0.0,80.10763888888889,3.6566909235631124,0.0,0.0,8.010763888888889,0.0,0.0,0.0,100000.37404343682,3.4670253607770247,0.0,0.0,422.217933006536,8.452085364257975,0.0,42.2217933006536,200008.60520833332,57.22810231536018,200008.6060185185,57.22866588824271,769.9513888888889,8.060346070004021,0.0,0.0,76.99513888888889,0.0
29,0,0,300,1.6,100000,userspace,8,50.94,1.72,12.57,0.26,435,247795,147315,0,327257,13871183,20296581342,6089578,8249323538,18871,1209494,14664,14664,99979.30023148148,41.161138619507575,0.0,0.0,34.44444444444444,3.6287500926572402,0.0,0.0,3.4444444444444446,0.0,0.0,0.0,99999.97268518519,0.11262186662569534,0.0,0.0,331.80392156862746,6.770177100333042,0.0,33.18039215686275,199992.23773148147,21.462404935155917,199992.2451388889,21.466256143594016,669.9652777777778,3.898511495641281,0.0,0.0,66.99652777777777,0.0
30,0,0,300,1.8,100000,userspace,8,52.05,2.04,12.46,0.32,488,241604,164976,0,348213,13751372,20147980153,6059188,8189393439,19255,1233857,14607,14607,100001.7754050926,4.957530680379733,0.0,0.0,70.67013888888889,3.185055760070699,0.0,0.0,7.067013888888889,0.0,0.0,0.0,99995.73611451525,9.197262116309714,0.0,0.0,289.4050245098039,7.71578308519411,0.0,28.94050245098039,199986.39328703703,8.761825902898849,199986.38726851853,8.769861183253447,602.5625,8.14376923173473,0.0,0.0,60.256249999999994,0.0
31,0,0,300,2.0,100000,userspace,8,49.25,1.78,11.71,0.24,379,275427,106430,0,241272,13708503,20141222256,5933925,8181031381,19969,1279411,14406,14406,100012.08119212961,35.87338621929023,0.0,0.0,60.45833333333333,2.8336454360603898,0.0,0.0,6.045833333333333,0.0,0.0,0.0,99995.82541190088,41.842638188090945,0.0,0.0,217.7404003267974,6.01768345097872,0.0,21.774040032679736,199983.16990740743,50.411274629760356,199983.18333333332,50.403251118867786,517.6666666666667,2.599666998158356,0.0,0.0,51.766666666666666,0.0
32,0,0,300,2.2,100000,userspace,8,56.79,2.08,12.31,0.29,441,282979,179696,0,379639,13787306,20207906528,6090500,8209102160,17988,1156104,17960,17960,99997.37708333334,21.108412367779778,0.0,0.0,80.26041666666666,2.698060525716551,0.0,0.0,8.026041666666666,0.0,0.0,0.0,100000.0,0.0,0.0,0.0,239.56086601307192,5.710435063045312,0.0,23.956086601307188,199996.58032407408,13.877584024451561,199996.5820601852,13.874181365293321,531.7083333333333,7.888902575319576,0.0,0.0,53.170833333333334,0.0
33,0,0,300,2.4,100000,userspace,8,55.7,2.05,11.89,0.28,429,300556,131626,0,307064,13629405,19992792904,5926735,8119598441,18318,1191374,49506,49506,100000.61313657409,19.17908572395268,0.0,0.0,70.46180555555556,2.9139604572260653,0.0,0.0,7.046180555555555,0.0,0.0,0.0,100000.0,0.0,0.0,0.0,178.4877450980392,5.9988802835527215,0.0,17.848774509803924,200002.7902777778,12.475587624158846,200002.79108796298,12.480014488186463,473.7708333333333,5.975434749566358,0.0,0.0,47.37708333333334,0.0
34,0,0,300,2.6,100000,userspace,8,58.01,2.1,11.83,0.25,448,302937,109534,0,299131,13704632,20109560316,5896662,8170847369,18260,1189087,48851,48851,100000.0,0.0,0.0,0.0,70.62152777777777,2.622771160421762,0.0,0.0,7.0621527777777775,0.0,0.0,0.0,100000.0,0.0,0.0,0.0,135.249387254902,5.259459203689607,0.0,13.524938725490196,200000.0,0.0,200000.0,0.0,433.96527777777777,1.503939886669206,0.0,0.0,43.39652777777778,0.0
35,0,0,400,1.2,100000,userspace,8,53.15,0.96,13.7,0.09,218,80936,144414,0,442267,13911172,20230518828,6034901,8221918089,20220,1311820,47131,47131,99444.52806712964,383.7997127150416,0.0,0.0,75.68055555555556,3.5368460001146946,0.0,0.0,7.5680555555555555,0.0,0.0,0.0,99403.69421296296,391.5377426638998,0.0,0.0,702.7350898692811,91.62174172597253,0.0,70.2735089869281,198896.24375,806.9380527362537,198896.23645833335,806.9409505197295,935.6805555555555,5.202195863600075,0.0,0.0,93.56805555555556,0.0
36,0,0,400,1.4,100000,userspace,8,52.67,1.23,13.49,0.26,460,132340,232153,0,427382,13827667,20219814160,6111906,8224049322,18864,1216782,31576,31576,99996.4495949074,70.54896029781916,0.0,0.0,86.47222222222223,3.108740145668501,0.0,0.0,8.647222222222222,0.0,0.0,0.0,99999.3640284586,48.91641086103896,0.0,0.0,416.24101307189545,14.447217142294804,0.0,41.62410130718954,199991.47777777776,143.73930845253358,199991.45208333334,143.74615627133414,776.3819444444445,18.666547477793255,0.0,0.0,77.63819444444445,0.0
37,0,0,400,1.6,100000,userspace,8,51.65,1.65,12.5,0.32,457,164249,218296,0,382978,13774399,20200287646,6065389,8210590396,19315,1239922,11474,11474,99999.47488425925,25.199918905218098,0.0,0.0,70.38541666666667,4.740053163669764,0.0,0.0,7.038541666666667,0.0,0.0,0.0,100000.0,0.0,0.0,0.0,359.5437091503268,9.689564605117663,0.0,35.954370915032676,200016.69131944445,42.65873241984413,200016.67824074076,42.64238530137746,695.9513888888889,12.083767818160862,0.0,0.0,69.5951388888889,0.0
38,0,0,400,1.8,100000,userspace,8,53.99,2.29,12.68,0.31,466,177588,244741,0,426480,13779945,20192886815,6089664,8208886106,20257,1299485,16752,16752,99988.66064814814,39.32601620232068,0.0,0.0,73.06597222222223,3.0731982442295718,0.0,0.0,7.306597222222222,0.0,0.0,0.0,99981.81194852942,36.99410192883626,0.0,0.0,319.7271241830066,7.592996242384986,0.0,31.972712418300652,199968.72824074075,58.5379757365603,199968.74039351853,58.52328559264252,635.3680555555555,15.91092758021362,0.0,0.0,63.53680555555556,0.0
39,0,0,400,2.0,100000,userspace,8,54.9,1.83,12.09,0.27,416,195868,159693,0,308349,13724352,20142943776,5880800,8175558789,19850,1271550,11248,11248,99999.04421296297,35.184498508751815,0.0,0.0,40.94444444444444,2.8810382595159627,0.0,0.0,4.094444444444445,0.0,0.0,0.0,99990.40803036492,33.622786973369514,0.0,0.0,259.6456290849673,5.1214607497164435,0.0,25.96456290849673,199978.71215277776,24.809816842666233,199978.69351851853,24.80191820081499,562.0,1.379090032856758,0.0,0.0,56.2,0.0
40,0,0,400,2.2,100000,userspace,8,53.27,2.09,11.85,0.27,435,225092,132681,0,304258,13807272,20295097771,5882966,8235771913,18687,1211136,41936,41936,100001.05937499998,17.98392200773342,0.0,0.0,77.32986111111111,3.268520715561075,0.0,0.0,7.732986111111112,0.0,0.0,0.0,100000.0,0.0,0.0,0.0,200.87745098039215,5.123039446447899,0.0,20.087745098039214,199997.6832175926,6.137639819841767,199997.68217592593,6.141197347049987,493.2777777777777,4.320398744414543,0.0,0.0,49.327777777777776,0.0
41,0,0,400,2.4,100000,userspace,8,56.74,2.09,12.23,0.3,491,222661,186961,0,376947,13805728,20240106721,6021405,8225767671,18408,1190002,34581,34581,100003.65052083334,12.753276662594569,0.0,0.0,33.208333333333336,2.98730865796196,0.0,0.0,3.320833333333333,0.0,0.0,0.0,100000.0,0.0,0.0,0.0,200.08966503267973,12.163048959839426,0.0,20.008966503267974,200001.08692129632,11.281835447305813,200001.08541666667,11.275482068668373,495.1041666666667,11.930227944245384,0.0,0.0,49.51041666666667,0.0
42,0,0,400,2.6,100000,userspace,8,52.66,1.99,11.24,0.23,392,266582,94752,0,231845,13587258,20034907658,5714474,8126897929,19062,1234968,40057,40057,100014.83981481481,39.90096063535165,0.0,0.0,59.451388888888886,2.839613263190634,0.0,0.0,5.94513888888889,0.0,0.0,0.0,100000.0,0.0,0.0,0.0,123.3500816993464,4.263980376063334,0.0,12.33500816993464,200001.39583333337,7.1807305785312945,200001.39560185187,7.18247340780219,401.74305555555554,1.3379914502792076,0.0,0.0,40.174305555555556,0.0
43,0,0,500,1.2,100000,userspace,8,52.09,0.46,13.67,0.09,270,25138,92374,0,497502,13779022,19980775504,5847578,8108145747,20669,1341200,46983,46983,97632.1798611111,394.32976579754,0.0,0.0,82.97916666666667,3.750442250181427,0.0,0.0,8.297916666666666,0.0,0.0,0.0,97635.45708401417,388.78190943846397,0.0,0.0,773.2350898692811,6.3341398536772715,0.0,77.32350898692812,195270.36087962962,763.5176604286723,195270.38009259262,763.5056546991434,887.9861111111111,4.638872362581219,0.0,0.0,88.79861111111111,0.0
44,0,0,500,1.4,100000,userspace,8,56.64,0.4,14.17,0.07,420,25646,94010,0,536298,14120902,20471903862,5998434,8310133109,19989,1285708,23923,23923,99604.22934027779,95.58925094669968,0.0,0.0,76.58333333333333,3.255249620071516,0.0,0.0,7.658333333333333,0.0,0.0,0.0,99599.7936104303,90.93023214993983,0.0,0.0,755.094158496732,21.65649321886358,0.0,75.5094158496732,199238.0199074074,191.06340995796342,199238.0165509259,191.06192122991376,862.4444444444445,6.694312426755708,0.0,0.0,86.24444444444444,0.0
45,0,0,500,1.6,100000,userspace,8,58.67,0.84,13.74,0.14,448,101671,263880,0,511543,13814400,20156741664,6099609,8194787970,20240,1300990,19704,19704,99985.3964699074,36.10657582393536,0.0,0.0,87.00347222222221,2.8927659972419826,0.0,0.0,8.700347222222222,0.0,0.0,0.0,99992.50538534859,30.790813850579486,0.0,0.0,431.85130718954247,7.9879797384890505,0.0,43.18513071895425,199994.69953703706,45.96649215869583,199994.69629629632,45.97250455498652,779.8680555555555,14.844347975961458,0.0,0.0,77.98680555555555,0.0
46,0,0,500,1.8,100000,userspace,8,50.79,1.78,12.25,0.3,399,168204,191130,0,355302,13704082,20146116022,5970708,8182989019,21787,1399707,18282,18282,100005.94739583333,26.066503922089172,0.0,0.0,67.12152777777777,4.71323840683739,0.0,0.0,6.712152777777778,0.0,0.0,0.0,99983.50905501089,24.4182374097457,0.0,0.0,274.13807189542484,7.905932001900806,0.0,27.413807189542485,199984.1834490741,20.599551985542263,199984.19212962964,20.585758316798863,587.0208333333334,14.090442599218443,0.0,0.0,58.702083333333334,0.0
47,0,0,500,2.0,100000,userspace,8,50.81,1.73,11.76,0.21,481,174192,135817,0,267973,13665925,20133039189,5742047,8162589913,21859,1409499,30179,30179,99994.73605324073,51.01976404856828,0.0,0.0,61.34027777777778,3.383652853469707,0.0,0.0,6.134027777777778,0.0,0.0,0.0,100000.0,0.0,0.0,0.0,208.65093954248366,5.119449908013856,0.0,20.865093954248366,199999.87731481483,0.6255923346500053,199999.87731481483,0.6255923346500053,525.0972222222222,3.6220104484762063,0.0,0.0,52.50972222222222,0.0
48,0,0,500,2.2,100000,userspace,8,51.96,2.04,11.67,0.28,445,197123,139073,0,291832,13673194,20126171132,5740196,8160517814,21326,1372298,25952,25952,99984.77523148149,41.00899204895888,0.0,0.0,29.8125,3.1184162679535827,0.0,0.0,2.98125,0.0,0.0,0.0,99981.8419730392,35.02823199381469,0.0,0.0,183.61070261437908,5.245040192721775,0.0,18.36107026143791,199964.6045138889,51.75007579429234,199964.55555555556,51.73070406598249,485.72222222222223,5.579948121632146,0.0,0.0,48.57222222222222,0.0
49,0,0,500,2.4,100000,userspace,8,51.8,2.32,11.43,0.33,369,212855,143151,0,294861,13557694,19986706271,5805050,8112748903,21206,1375880,53443,53443,100000.0,0.0,0.0,0.0,62.03472222222222,3.417111522810951,0.0,0.0,6.2034722222222225,0.0,0.0,0.0,100000.0,0.0,0.0,0.0,158.10069444444446,5.346487434280949,0.0,15.810069444444444,200000.0,0.0,200000.0,0.0,446.61805555555554,7.47394409189644,0.0,0.0,44.66180555555556,0.0
50,0,0,500,2.6,100000,userspace,8,56.4,2.21,11.87,0.26,416,228965,143404,0,349980,13599428,19994977511,5873111,8119905740,19623,1275072,55528,55528,100001.27031249998,4.128583556494526,0.0,0.0,81.33680555555556,2.850987425454319,0.0,0.0,8.133680555555557,0.0,0.0,0.0,100000.0,0.0,0.0,0.0,138.97426470588238,6.34116906087988,0.0,13.897426470588236,200000.0,0.0,200000.0,0.0,426.04166666666663,6.852892332308424,0.0,0.0,42.604166666666664,0.0
51,0,0,600,1.2,100000,userspace,8,50.29,0.94,-532.7,5957.61,279,66538,214373,0,445355,13915621,20358399745,6084187,8276896526,18884,1232954,71301,71301,99998.42922453705,45.86136693980084,0.0,0.0,73.63194444444444,3.846177029741215,0.0,0.0,7.363194444444445,0.0,0.0,0.0,99999.81880787037,4.7421783245503155,0.0,0.0,496.16932189542484,12.581461359239297,0.0,49.61693218954248,199978.75787037038,101.98096220530547,199978.8275462963,101.98356810258508,869.1041666666666,11.118566033619594,0.0,0.0,86.91041666666666,0.0
52,0,0,600,1.4,100000,userspace,8,49.6,0.74,12.7,0.13,279,92288,181802,0,316808,13826668,20284220812,5863436,8230770894,22129,1427137,30212,30212,100008.59282407406,19.5187801138328,0.0,0.0,67.07291666666666,2.914580402210462,0.0,0.0,6.707291666666666,0.0,0.0,0.0,100001.57152777778,7.169842597236686,0.0,0.0,401.4113562091503,7.820490579737708,0.0,40.14113562091503,199999.11689814815,33.03829292096748,199999.13101851853,33.050266112539965,746.3541666666666,2.840564677951047,0.0,0.0,74.63541666666666,0.0
53,0,0,600,1.6,100000,userspace,8,53.16,1.27,13.33,0.2,446,104488,189738,0,363638,13768497,20157856941,5828858,8176495920,21325,1369513,23655,23655,100010.04762731481,49.09441585043329,0.0,0.0,74.45138888888889,2.8174804925194796,0.0,0.0,7.445138888888889,0.0,0.0,0.0,100002.62204861111,9.321453459082907,0.0,0.0,374.55065359477123,10.540570972195571,0.0,37.45506535947712,200009.89178240742,81.94279810401628,200009.90694444446,81.9601968755994,707.3888888888889,10.762183782972892,0.0,0.0,70.73888888888888,0.0
54,0,0,600,1.8,100000,userspace,8,51.59,1.66,12.26,0.27,399,122569,215582,0,380460,13683335,20107829299,5937708,8169809013,18435,1181812,14971,14971,100004.27667824074,36.95032896630951,0.0,0.0,80.78472222222223,2.527233964714979,0.0,0.0,8.078472222222222,0.0,0.0,0.0,99989.30809163944,32.01317427627542,0.0,0.0,276.61744281045753,6.582886882890822,0.0,27.661744281045756,199983.0605324074,31.02139349630308,199983.10833333334,31.040248527464065,597.0138888888889,9.402663791148044,0.0,0.0,59.70138888888889,0.0
55,0,0,600,2.0,100000,userspace,8,50.7,1.42,11.73,0.21,359,151230,155658,0,284264,13676945,20155025898,5703743,8169830391,18219,1171284,26576,26576,100008.67256944443,38.78254892541527,0.0,0.0,76.20486111111111,2.762825426577322,0.0,0.0,7.62048611111111,0.0,0.0,0.0,99988.282935049,33.56406696692022,0.0,0.0,225.98897058823528,5.358604354917247,0.0,22.59889705882353,199979.7840277778,19.48942197476234,199979.75729166667,19.48267350098601,532.9583333333334,1.946452068053616,0.0,0.0,53.295833333333334,0.0
56,0,0,600,2.2,100000,userspace,8,51.92,2.06,11.79,0.31,392,176305,159363,0,317968,13579298,19991028943,5799513,8111743212,19066,1221326,11281,11281,100000.0,0.0,0.0,0.0,37.0,3.3599660759911423,0.0,0.0,3.7,0.0,0.0,0.0,100000.0,0.0,0.0,0.0,182.6278594771242,4.585850147427573,0.0,18.262785947712416,200000.0,0.0,200000.0,0.0,475.1875,7.087348537251347,0.0,0.0,47.51875,0.0
57,0,0,600,2.4,100000,userspace,8,56.32,2.18,11.98,0.29,385,187826,171857,0,335826,13573897,19990124259,5840279,8113584352,20006,1285334,14493,14493,100000.0,0.0,0.0,0.0,70.97222222222223,5.695026399436172,0.0,0.0,7.097222222222221,0.0,0.0,0.0,100000.0,0.0,0.0,0.0,177.61151960784315,5.758675679076065,0.0,17.76115196078431,200000.0,0.0,200000.0,0.0,472.68055555555554,9.083856429973597,0.0,0.0,47.26805555555556,0.0
58,0,0,600,2.6,100000,userspace,8,55.39,2.62,11.73,0.33,418,208143,153063,0,327769,13759921,20266923511,5860640,8217517214,19059,1223363,17547,17547,100000.11817129629,30.508382814798683,0.0,0.0,30.24652777777778,3.383923353880118,0.0,0.0,3.024652777777778,0.0,0.0,0.0,99969.68631876362,46.41808200689068,0.0,0.0,146.2438725490196,7.351468669907678,0.0,14.624387254901961,199933.02939814815,87.73767183832737,199933.0253472222,87.77731573711353,429.45833333333337,9.226489128252457,0.0,0.0,42.94583333333333,0.0
59,0,0,700,1.2,100000,userspace,8,53.23,0.73,13.58,0.21,221,52155,201298,0,456742,14000015,20479960228,6056812,8315349829,20646,1332776,36889,36889,99993.26059027779,35.42413703196702,0.0,0.0,76.77083333333334,3.6638707135536444,0.0,0.0,7.677083333333333,0.0,0.0,0.0,100000.0,0.0,0.0,0.0,555.1638071895425,22.198980541182657,0.0,55.516380718954245,199983.40162037036,70.36227496760664,199983.39722222224,70.36700465023368,928.5902777777778,9.235699332173018,0.0,0.0,92.85902777777778,0.0
60,0,0,700,1.4,100000,userspace,8,50.2,1.5,12.83,0.29,257,80058,187473,0,353727,13815525,20291041191,5871763,8232342120,20428,1316666,28922,28922,99994.92476851851,32.00816149810625,0.0,0.0,76.40625,3.1358437094881513,0.0,0.0,7.640625,0.0,0.0,0.0,100000.0,0.0,0.0,0.0,391.4229983660131,9.058943955875655,0.0,39.14229983660131,199995.2146990741,43.9506310978026,199995.2144675926,43.941664473981795,759.8125,4.614729562693386,0.0,0.0,75.98124999999999,0.0
61,0,0,700,1.6,100000,userspace,8,54.91,1.63,13.04,0.19,464,88362,185480,0,382188,13744413,20148524410,5778652,8174462493,19517,1262805,31438,31438,100006.48975694444,85.15745299069988,0.0,0.0,73.38541666666666,4.689952900772356,0.0,0.0,7.338541666666666,0.0,0.0,0.0,99996.83893654685,40.563810108892156,0.0,0.0,371.28880718954247,14.787092820909741,0.0,37.12888071895425,199989.89212962962,137.81344565252832,199989.93171296298,137.84150743628396,719.9305555555555,17.240780060560745,0.0,0.0,71.99305555555556,0.0
62,0,0,700,1.8,100000,userspace,8,51.84,1.39,12.38,0.23,433,112763,205696,0,377001,13874386,20390013115,5929039,8275994027,18568,1202052,36510,36510,99999.82222222222,0.7329965556646952,0.0,0.0,42.56597222222223,2.591516022579874,0.0,0.0,4.256597222222222,0.0,0.0,0.0,100000.0,0.0,0.0,0.0,280.343137254902,6.570458865601916,0.0,28.034313725490193,200000.0,0.0,200000.0,0.0,596.3402777777777,7.4549897566153,0.0,0.0,59.634027777777774,0.0
63,0,0,700,2.0,100000,userspace,8,55.24,1.62,12.4,0.24,469,117734,214119,0,353177,13699636,20150431438,5881030,8177930294,19880,1277598,16989,16989,99997.88865740741,40.21331473233686,0.0,0.0,78.64583333333334,3.2517118544718615,0.0,0.0,7.864583333333333,0.0,0.0,0.0,99988.26992442811,35.9578884697564,0.0,0.0,265.52839052287584,5.257433372129921,0.0,26.55283905228758,199981.6454861111,45.81315836093984,199981.63912037038,45.80315731370697,578.6736111111111,16.200519430935262,0.0,0.0,57.86736111111111,0.0
64,0,0,700,2.2,100000,userspace,8,55.72,2.01,12.13,0.29,502,139149,190382,0,331355,13584611,19990349011,5740383,8108223457,20675,1328577,19616,19616,99995.97378472221,41.960533482401914,0.0,0.0,75.85416666666666,2.987207134766911,0.0,0.0,7.585416666666666,0.0,0.0,0.0,99993.7624217048,22.721140925456364,0.0,0.0,221.30412581699346,4.8999194839942035,0.0,22.130412581699346,199960.8054398148,89.26291024739334,199960.79675925925,89.25202455142988,528.7083333333334,5.888271626494767,0.0,0.0,52.87083333333334,0.0
65,0,0,700,2.4,100000,userspace,8,52.97,1.83,11.72,0.23,404,174680,131765,0,270893,13539237,19986544994,5582825,8095976502,18874,1210451,17007,17007,100003.04380787037,15.631679531354727,0.0,0.0,77.46180555555556,3.362131876057052,0.0,0.0,7.746180555555555,0.0,0.0,0.0,100000.0,0.0,0.0,0.0,158.8041258169935,7.505216952988769,0.0,15.880412581699346,200000.0505787037,0.20854133777696732,200000.0505787037,0.20854133777696732,444.84027777777777,4.332016001461303,0.0,0.0,44.48402777777778,0.0
66,0,0,700,2.6,100000,userspace,8,54.72,2.59,11.33,0.26,330,187138,125084,0,245060,13557121,20030781941,5571881,8108571984,20198,1296807,16805,16805,99999.88333333333,0.3595545556470633,0.0,0.0,62.079861111111114,3.175987472421084,0.0,0.0,6.207986111111111,0.0,0.0,0.0,100000.0,0.0,0.0,0.0,150.33803104575162,4.592437098674338,0.0,15.033803104575163,200000.0,0.0,200000.0,0.0,425.6388888888889,1.9502067995012675,0.0,0.0,42.56388888888889,0.0
67,0,0,800,1.2,100000,userspace,8,52.51,0.61,13.32,0.1,192,59229,159933,0,387669,14047683,20599361386,5913028,8352993616,19768,1267052,14499,14499,99999.33738425926,34.037667270955986,0.0,0.0,73.55902777777779,3.0019504006161233,0.0,0.0,7.355902777777778,0.0,0.0,0.0,99999.6305589597,32.28612962528803,0.0,0.0,488.828635620915,8.519955506508373,0.0,48.8828635620915,200004.30000000002,28.49650785147538,200004.30300925928,28.503222814958146,914.875,5.4443944070241255,0.0,0.0,91.48750000000001,0.0
68,0,0,800,1.4,100000,userspace,8,52.47,0.93,13.52,0.18,345,64949,201870,0,411842,13802665,20239469579,5883058,8209953437,18544,1192271,18187,18187,99988.3550925926,24.025451215842537,0.0,0.0,88.22222222222223,3.6793404585606044,0.0,0.0,8.822222222222223,0.0,0.0,0.0,99986.18185253268,35.0646960829893,0.0,0.0,429.60580065359477,11.213264258404472,0.0,42.96058006535948,199975.15358796297,79.07664536213511,199975.13090277778,79.08334394810151,795.2430555555555,15.425274530018285,0.0,0.0,79.52430555555556,0.0
69,0,0,800,1.6,100000,userspace,8,49.92,1.61,12.3,0.25,325,85827,167171,0,314545,13794418,20313688452,5720246,8233644257,17699,1135234,14281,14281,100005.32679398147,48.07480093190399,0.0,0.0,36.61458333333333,3.1564376162438195,0.0,0.0,3.6614583333333335,0.0,0.0,0.0,100000.42379833877,1.7205340212266211,0.0,0.0,329.4730392156863,6.988490090119463,0.0,32.94730392156863,200003.515625,62.19934879601658,200003.53645833334,62.172163266345606,667.2986111111111,5.723377439504832,0.0,0.0,66.72986111111112,0.0
70,0,0,800,1.8,100000,userspace,8,52.62,1.67,12.54,0.25,435,100027,219277,0,404683,13791159,20230080965,5911331,8212381824,22659,1452679,17183,17183,99995.54994212961,38.80030907620254,0.0,0.0,85.45833333333334,3.3051750336366363,0.0,0.0,8.545833333333334,0.0,0.0,0.0,99988.99688521241,30.164562133129685,0.0,0.0,294.58210784313724,8.019159522650323,0.0,29.458210784313728,199979.44432870368,28.70592714736626,199979.46643518517,28.68908335525196,605.7569444444445,12.544070212288627,0.0,0.0,60.57569444444445,0.0
71,0,0,800,2.0,100000,userspace,8,56.37,1.51,12.81,0.19,411,97465,205602,0,436745,13680433,20053491397,5859556,8132684315,21295,1381906,50202,50202,99965.97517361112,31.45468668522465,0.0,0.0,75.70138888888889,3.4175299213929593,0.0,0.0,7.570138888888889,0.0,0.0,0.0,99975.24536015795,35.4272210505321,0.0,0.0,314.8790849673203,24.46324930886783,0.0,31.487908496732025,199954.79212962964,71.30970305516902,199954.76782407408,71.3141343442635,608.3402777777777,20.363243546202852,0.0,0.0,60.83402777777778,0.0
72,0,0,800,2.2,100000,userspace,8,53.07,1.64,11.85,0.22,434,142965,147662,0,291847,13604407,20083068703,5611852,8143759867,17626,1150139,59234,59234,100004.42152777777,38.45207541925517,0.0,0.0,64.53819444444446,3.121001802550656,0.0,0.0,6.453819444444445,0.0,0.0,0.0,99984.93530433007,36.716934567839445,0.0,0.0,189.47712418300654,4.2708527850676266,0.0,18.947712418300654,199974.73136574074,42.16207966954938,199974.7550925926,42.167538480701694,498.9513888888889,3.1845280074859015,0.0,0.0,49.89513888888889,0.0
73,0,0,800,2.4,100000,userspace,8,57.43,1.79,12.19,0.23,420,158756,138631,0,338263,13607293,20058026247,5616442,8124241547,20209,1315602,58202,58202,100000.0,0.0,0.0,0.0,78.48611111111111,2.8407372213617204,0.0,0.0,7.8486111111111105,0.0,0.0,0.0,100000.0,0.0,0.0,0.0,181.7736928104575,6.971974250110511,0.0,18.17736928104575,200000.0,0.0,200000.0,0.0,475.80555555555554,4.481744393048023,0.0,0.0,47.580555555555556,0.0
74,0,0,800,2.6,100000,userspace,8,56.67,2.56,11.56,0.33,366,189937,153414,0,312710,13532111,19978375084,5746320,8098967812,19565,1263670,26878,26878,100000.14351851851,2.8006055908594196,0.0,0.0,64.91319444444446,4.129012184926045,0.0,0.0,6.491319444444445,0.0,0.0,0.0,100000.0,0.0,0.0,0.0,152.77389705882354,5.671415694375423,0.0,15.277389705882353,200000.0,0.0,200000.0,0.0,434.1388888888889,7.12191452401647,0.0,0.0,43.41388888888889,0.0
75,0,0,900,1.2,100000,userspace,8,51.1,0.61,13.36,0.1,214,55300,155351,0,402796,13977455,20502692923,5845394,8314438351,18672,1205053,26704,26704,99981.2359375,34.754314944887376,0.0,0.0,94.97916666666667,4.5252406146232325,0.0,0.0,9.497916666666667,0.0,0.0,0.0,99981.83350694444,34.62107478450801,0.0,0.0,510.7510212418301,10.135007426531093,0.0,51.075102124183005,199979.79305555555,37.01264011712213,199979.7917824074,37.016309546512204,894.9097222222222,4.833516647867997,0.0,0.0,89.49097222222223,0.0
76,0,0,900,1.4,100000,userspace,8,49.42,1.24,12.69,0.19,255,67845,155778,0,347422,13786204,20295177492,5714368,8226092431,20712,1331859,18794,18794,99973.91863425926,48.57319231118436,0.0,0.0,66.80902777777779,3.081292828916576,0.0,0.0,6.680902777777778,0.0,0.0,0.0,99986.7186819172,38.84500682250253,0.0,0.0,403.15236928104576,11.050924728131095,0.0,40.315236928104575,199978.07499999998,27.80967385627423,199978.07881944443,27.81144372429379,749.5208333333334,4.092775199849048,0.0,0.0,74.95208333333335,0.0
77,0,0,900,1.6,100000,userspace,8,50.2,1.22,12.28,0.21,320,73935,160910,0,328226,13713968,20231269821,5673282,8202436012,18162,1164726,14241,14241,100003.29907407406,31.761888677053065,0.0,0.0,66.94444444444444,3.179874883930886,0.0,0.0,6.694444444444445,0.0,0.0,0.0,99999.9228587963,0.3180613309575614,0.0,0.0,328.73039215686276,8.497534230975939,0.0,32.873039215686276,199992.0428240741,38.62700581675247,199992.03622685187,38.630274309735725,673.1944444444445,3.4666972051773453,0.0,0.0,67.31944444444446,0.0
78,0,0,900,1.8,100000,userspace,8,49.71,1.66,12.05,0.23,458,97934,157079,0,296799,13554648,20016097380,5585002,8115501518,18543,1191319,10830,10830,100003.5995949074,37.94600733817552,0.0,0.0,71.05555555555557,2.949042758387379,0.0,0.0,7.105555555555556,0.0,0.0,0.0,99999.40214120371,34.13971504398008,0.0,0.0,253.76756535947712,7.030207891865981,0.0,25.376756535947713,199983.5434027778,22.38005729566171,199983.5459490741,22.379327966403835,585.2986111111111,3.6382850044224737,0.0,0.0,58.52986111111111,0.0
79,0,0,900,2.0,100000,userspace,8,56.31,1.79,12.88,0.18,467,104056,214594,0,409305,13688804,20103092772,5852098,8155704698,19105,1226567,19737,19737,99991.93541666666,23.69648663345648,0.0,0.0,32.229166666666664,3.3264054274719506,0.0,0.0,3.222916666666667,0.0,0.0,0.0,100000.0,0.0,0.0,0.0,294.4203431372549,7.3663165722897626,0.0,29.442034313725486,199989.44710648147,25.358028020452444,199989.44710648147,25.359856678981632,599.9027777777778,7.913327052564036,0.0,0.0,59.99027777777778,0.0
80,0,0,900,2.2,100000,userspace,8,49.73,1.78,11.44,0.23,380,153697,146263,0,272988,13597763,20133013387,5576715,8155525346,19846,1309125,102435,102435,99979.92980324075,43.03350077162029,0.0,0.0,64.40972222222223,3.8384110693953346,0.0,0.0,6.440972222222222,0.0,0.0,0.0,99980.0906147876,44.884485119543264,0.0,0.0,199.95629084967322,4.924638545550195,0.0,19.995629084967323,199959.0559027778,45.111747200997215,199959.0574074074,45.11598536041703,481.59027777777777,2.7121032636771965,0.0,0.0,48.15902777777778,0.0
81,0,0,900,2.4,100000,userspace,8,52.41,2.6,11.57,0.35,440,178224,140004,0,271664,13582682,20088180365,5666406,8135823422,21115,1386956,91172,91172,99929.90046296296,58.52350863004192,0.0,0.0,63.36805555555556,3.420652137750322,0.0,0.0,6.336805555555555,0.0,0.0,0.0,99993.43171296296,9.88647226420332,0.0,0.0,143.61335784313724,6.087084662902562,0.0,14.361335784313724,199896.26921296297,150.52967312608362,199896.22905092593,150.53342599148812,437.4097222222222,7.373803407625109,0.0,0.0,43.740972222222226,0.0
82,0,0,900,2.6,100000,userspace,8,55.77,2.12,11.66,0.27,382,186093,145660,0,291076,13471291,19867050094,5648151,8050042069,19340,1265661,81491,81491,100000.0,0.0,0.0,0.0,78.25347222222223,2.900421553773338,0.0,0.0,7.825347222222222,0.0,0.0,0.0,100000.0,0.0,0.0,0.0,151.43852124183007,5.273061462081595,0.0,15.143852124183008,200000.0,0.0,200000.0,0.0,428.24305555555554,7.227438391230333,0.0,0.0,42.824305555555554,0.0
83,0,0,1000,1.2,100000,userspace,8,50.41,0.82,13.31,0.16,249,50480,153412,0,384351,13849545,20329090617,5753365,8238707624,19933,1279969,16993,16993,99999.72204861112,5.095609521302377,0.0,0.0,79.23611111111111,2.9235243875312453,0.0,0.0,7.923611111111112,0.0,0.0,0.0,100000.0,0.0,0.0,0.0,514.093954248366,9.048233174717222,0.0,51.4093954248366,200000.0,0.0,200000.0,0.0,889.3194444444445,5.5275753349888745,0.0,0.0,88.93194444444445,0.0
84,0,0,1000,1.4,100000,userspace,8,56.26,0.67,13.83,0.14,368,51395,216127,0,475844,13849213,20260722094,5951950,8220768882,18625,1194672,17041,17041,100027.45868055556,53.822992972924936,0.0,0.0,43.91666666666667,3.2420345437463203,0.0,0.0,4.3916666666666675,0.0,0.0,0.0,100000.4454078159,38.62216631417934,0.0,0.0,485.8190359477124,11.792566187113628,0.0,48.58190359477125,200003.28680555557,65.99039280777617,200003.2857638889,65.98757855475229,846.6180555555555,12.349247445195994,0.0,0.0,84.66180555555556,0.0
85,0,0,1000,1.6,100000,userspace,8,50.78,1.05,12.55,0.19,346,75216,170993,0,353355,13791894,20274602120,5675922,8209272856,17556,1128895,25232,25232,99996.43674768518,11.894311266371599,0.0,0.0,74.14930555555556,3.0326041079256263,0.0,0.0,7.414930555555555,0.0,0.0,0.0,100000.0,0.0,0.0,0.0,345.90951797385617,7.997405845019539,0.0,34.590951797385614,200000.0033564815,0.0138391276786889,200000.003125,0.012884705080388513,670.5972222222222,8.17169682669759,0.0,0.0,67.05972222222222,0.0
86,0,0,1000,1.8,100000,userspace,8,53.38,1.73,12.58,0.24,414,84288,198160,0,385411,13699909,20154148800,5803080,8171960370,22191,1432098,28105,28105,100000.0,0.0,0.0,0.0,81.41666666666666,3.136424256161112,0.0,0.0,8.141666666666666,0.0,0.0,0.0,99999.67276688453,0.9036981638893768,0.0,0.0,291.8715277777778,6.3147455169327324,0.0,29.18715277777778,199999.95625,0.29118612931551835,199999.95659722222,0.2921094656394221,614.3333333333333,9.660483592269351,0.0,0.0,61.43333333333334,0.0
87,0,0,1000,2.0,100000,userspace,8,53.09,1.46,12.35,0.22,389,119771,162998,0,324523,13636543,20129156305,5597847,8151540300,20145,1315044,64796,64796,99971.60821759258,51.70256382929308,0.0,0.0,31.795138888888886,3.6776853836611627,0.0,0.0,3.179513888888889,0.0,0.0,0.0,99988.12064610566,27.381498436358548,0.0,0.0,234.78574346405227,4.178964545252652,0.0,23.478574346405225,199978.7277777778,12.227746981859617,199978.7784722222,12.255652394029495,552.1875,4.197577457637726,0.0,0.0,55.21875,0.0
88,0,0,1000,2.2,100000,userspace,8,54.22,2.13,12.05,0.24,370,132271,174864,0,332574,13707916,20198272099,5770749,8183304000,20881,1340667,19865,19865,100008.05752314815,35.64687058976031,0.0,0.0,72.23611111111111,2.8109445199049437,0.0,0.0,7.223611111111111,0.0,0.0,0.0,99987.84156794663,36.79288929197196,0.0,0.0,183.85375816993462,5.342321560024593,0.0,18.385375816993463,199981.5627314815,89.33734295763838,199981.60555555555,89.30786626426757,505.61111111111114,10.060737265655213,0.0,0.0,50.56111111111112,0.0
89,0,0,1000,2.4,100000,userspace,8,56.52,2.0,12.06,0.26,324,144778,188235,0,351546,13685574,20150770998,5787869,8167432548,19809,1279432,33386,33386,100000.0,0.0,0.0,0.0,75.32638888888889,2.776260722880783,0.0,0.0,7.532638888888889,0.0,0.0,0.0,100000.0,0.0,0.0,0.0,199.08231209150327,4.500548992734803,0.0,19.908231209150326,200000.0,0.0,200000.0,0.0,487.1736111111111,7.234218145219416,0.0,0.0,48.71736111111112,0.0
90,0,0,1000,2.6,100000,userspace,8,53.76,2.42,11.28,0.27,296,194219,121257,0,255498,13495557,19962211160,5494399,8080692193,19837,1273438,20016,20016,99996.03697916666,12.158868518109776,0.0,0.0,77.21527777777777,2.634899288533803,0.0,0.0,7.721527777777778,0.0,0.0,0.0,100000.0,0.0,0.0,0.0,140.63194444444443,6.569315740196643,0.0,14.063194444444443,200000.0,0.0,200000.0,0.0,417.3611111111111,4.015038665256501,0.0,0.0,41.736111111111114,0.0
91,0,0,2,1.2,200000,userspace,8,52.67,0.89,13.8,0.13,7553,846265,142559,0,791917,14318946,20226913453,6852791,8261171541,19494,1259007,27129,27129,99839.0804398148,1329.7118279061237,0.0,0.0,76.39236111111111,4.102024610756466,0.0,0.0,7.63923611111111,0.0,0.0,0.0,99827.41933891611,1302.5387799448436,0.0,0.0,768.5674019607843,8.442089756912985,0.0,76.85674019607843,199690.71990740742,2672.96954797093,199690.71099537038,2672.978787175705,917.4722222222222,36.42463438789677,0.0,0.0,91.74722222222222,0.0
92,0,0,2,1.4,200000,userspace,8,57.48,0.57,14.07,0.17,843,244949,94161,0,392249,16589864,23874717069,7807680,9721658251,19098,1226248,14269,14269,117705.18721064816,812.5088322899271,0.0,0.0,87.40625,4.493198577086969,0.0,0.0,8.740625000000001,0.0,0.0,0.0,117692.28896037581,781.8532937212271,0.0,0.0,732.2542892156863,8.888713802726649,0.0,73.22542892156864,235380.77476851852,1574.321538036195,235380.77986111114,1574.323722186963,924.9444444444446,15.187777596216586,0.0,0.0,92.49444444444444,0.0
93,0,0,2,1.6,200000,userspace,8,63.35,0.75,14.02,0.08,3832,480862,110605,0,662809,17986989,25873666235,8458126,10535449687,21124,1355878,20003,20003,127699.4103587963,1325.8511399744916,0.0,0.0,112.53472222222223,4.111316980824581,0.0,0.0,11.253472222222221,0.0,0.0,0.0,127654.19905705337,1278.259993236673,0.0,0.0,718.4044117647059,9.930419959400831,0.0,71.84044117647059,255364.57060185185,2655.77988431489,255364.58506944444,2655.77759104545,897.7083333333333,12.354436832051872,0.0,0.0,89.77083333333333,0.0
94,0,0,2,1.8,200000,userspace,8,70.07,1.34,14.24,0.11,15063,944463,117461,0,877656,22723091,32928381371,11029455,13427461488,17728,1136836,11301,11301,162829.13935185183,3662.8778219889423,0.0,0.0,50.416666666666664,5.036113983247031,0.0,0.0,5.041666666666667,0.0,0.0,0.0,162808.9889944172,3674.7207896100235,0.0,0.0,638.406045751634,17.414064537838065,0.0,63.8406045751634,325633.2913194444,7305.633125052704,325633.2943287037,7305.63064318083,972.1597222222223,33.55298352992726,0.0,0.0,97.21597222222222,0.0
95,0,0,2,2.0,200000,userspace,8,76.74,2.62,14.74,0.27,47554,1192534,202803,0,1562110,23789008,34363826822,11794379,14030798783,19784,1272935,23099,23099,172244.19021990744,9593.291868534807,0.0,0.0,133.63194444444446,16.34711819530429,0.0,0.0,13.363194444444446,0.0,0.0,0.0,172308.67452001636,9552.445299084891,0.0,0.0,625.4199346405229,37.304355917979635,0.0,62.54199346405229,344516.1822916667,19181.296337842956,344516.21099537035,19181.27907512856,922.3958333333335,88.30796448433256,0.0,0.0,92.23958333333334,0.0
96,0,0,2,2.2,200000,userspace,8,79.78,0.85,14.51,0.12,1646,408103,120448,0,488264,22992576,33243119969,10829689,13536502274,16785,1080015,13999,13999,165975.19756944446,2696.344808799901,0.0,0.0,118.94444444444444,5.019410064820565,0.0,0.0,11.894444444444444,0.0,0.0,0.0,165948.767602805,2710.4343360485655,0.0,0.0,640.8637663398694,6.363713707719317,0.0,64.08637663398693,331906.8454861111,5413.926258435667,331906.83807870373,5413.93797339571,849.8680555555555,9.803299295099182,0.0,0.0,84.98680555555555,0.0
97,0,0,2,2.4,200000,userspace,8,86.14,2.23,14.79,0.22,54863,1257043,243361,0,1577579,23557324,34150668441,12138697,13975028913,18222,1172772,20842,20842,172201.13582175926,2278.1153717764028,0.0,0.0,53.454861111111114,4.942144381230076,0.0,0.0,5.345486111111111,0.0,0.0,0.0,172185.1554227941,2269.759589899473,0.0,0.0,632.8682598039215,17.437002784640434,0.0,63.28682598039216,344396.4696759259,4570.100309075711,344396.4679398148,4570.103144529352,825.8194444444445,48.74491697135048,0.0,0.0,82.58194444444443,0.0
98,0,0,2,2.6,200000,userspace,8,87.55,1.03,14.02,0.13,4133,921008,39951,0,392236,27478732,40119662847,13014546,16315178361,16656,1072641,16818,16818,199996.36151620373,45.86808540014606,0.0,0.0,176.45138888888889,4.3589762363873685,0.0,0.0,17.645138888888887,0.0,0.0,0.0,200000.0,0.0,0.0,0.0,318.3071895424837,6.684197169129938,0.0,31.83071895424837,399985.89317129634,29.493143381826222,399985.8914351852,29.495648812931485,825.6527777777778,8.03567938326237,0.0,0.0,82.56527777777777,0.0
99,0,0,100,1.2,200000,userspace,8,53.13,0.88,13.9,0.11,364,349141,246680,0,477938,15118143,21810158809,6980932,8880034356,15802,1023012,38072,38072,105486.0220486111,1836.389820438691,0.0,0.0,83.05902777777777,8.312169612262156,0.0,0.0,8.305902777777778,0.0,0.0,0.0,105491.83929738562,1847.580109934208,0.0,0.0,759.0110294117646,23.354933542482975,0.0,75.90110294117648,210965.1642361111,3697.036606662962,210965.16944444444,3697.0478180371947,907.1319444444445,62.47473953395472,0.0,0.0,90.71319444444444,0.0
100,0,0,100,1.4,200000,userspace,8,57.12,0.46,14.27,0.07,382,327300,167921,0,442218,15400903,22263398304,7015628,9052602131,17463,1162562,73949,73949,109825.89166666668,848.5694212052982,0.0,0.0,91.4375,3.4125069873644502,0.0,0.0,9.143749999999999,0.0,0.0,0.0,109835.55264501633,826.1553922140397,0.0,0.0,743.1172385620914,6.5670546229587385,0.0,74.31172385620914,219684.71180555556,1677.3536954533997,219684.72708333336,1677.3502742987166,906.8194444444445,6.611670028080644,0.0,0.0,90.68194444444444,0.0
101,0,0,100,1.6,200000,userspace,8,64.83,0.34,14.13,0.07,596,461577,144678,0,325323,21010073,30491729072,9491461,12387486885,16034,1047213,60006,60006,150767.3744212963,178.66578962326167,0.0,0.0,110.41666666666667,5.049033016442641,0.0,0.0,11.041666666666668,0.0,0.0,0.0,150780.64442061546,173.42599109523672,0.0,0.0,662.3860294117648,9.170448551578229,0.0,66.23860294117648,301560.97256944445,342.6046365120428,301560.93287037034,342.58107158126097,988.8819444444443,1.2159685285818016,0.0,0.0,98.88819444444444,0.0
102,0,0,100,1.8,200000,userspace,8,72.63,0.5,14.28,0.08,616,616295,144525,0,339159,22771845,33111579779,10328458,13453160784,17198,1127037,61265,61265,164660.78072916667,192.018067447036,0.0,0.0,122.28819444444444,4.752111138066953,0.0,0.0,12.228819444444444,0.0,0.0,0.0,164651.13601919933,210.0349302344864,0.0,0.0,643.3948120915034,7.753643812771539,0.0,64.33948120915034,329327.0502314815,415.95810929012407,329327.01944444445,415.9367779266072,993.2083333333334,1.5643329436668616,0.0,0.0,99.32083333333335,0.0
103,0,0,100,2.0,200000,userspace,8,75.36,1.53,14.58,0.21,675,593310,333870,0,723927,21627879,31380649948,10041336,12768229650,14303,924101,29694,29694,155737.67453703703,1451.168545186526,0.0,0.0,126.01388888888889,6.950975984097856,0.0,0.0,12.601388888888888,0.0,0.0,0.0,155738.74593886166,1471.7806005839377,0.0,0.0,573.0610702614379,104.59569383609607,0.0,57.30610702614379,311450.7400462963,2968.9836725757755,311450.7584490741,2968.9804754917195,904.6111111111111,49.93038539932866,0.0,0.0,90.46111111111111,0.0
104,0,0,100,2.2,200000,userspace,8,84.29,2.01,14.77,0.18,760,858017,362374,0,772115,24782748,36048056563,11494673,14663242455,17033,1188964,46899,46899,177686.3691550926,1496.4043532486946,0.0,0.0,142.15972222222223,5.489859392181298,0.0,0.0,14.215972222222224,0.0,0.0,0.0,177707.28924632355,1499.780855981063,0.0,0.0,620.7847222222222,9.683755853614278,0.0,62.078472222222224,355365.33877314813,3040.657911810444,355365.3758101852,3040.650841354152,928.9236111111111,25.066532717040467,0.0,0.0,92.89236111111111,0.0
105,0,0,100,2.4,200000,userspace,8,85.91,0.66,14.79,0.14,877,870575,157981,0,542730,24919148,36281594707,11362390,14749111895,16379,1067962,43953,43953,180786.25561342592,1800.9229261952983,0.0,0.0,134.01041666666669,11.158315462858846,0.0,0.0,13.401041666666668,0.0,0.0,0.0,180809.47696759258,1811.2885624810583,0.0,0.0,530.5218545751634,109.07340582083407,0.0,53.052185457516345,361525.128125,3563.238867692835,361525.1538194445,3563.2557252093366,874.8819444444443,37.48029620499984,0.0,0.0,87.48819444444445,0.0
106,0,0,100,2.6,200000,userspace,8,88.86,0.98,14.26,0.18,857,1225666,69188,0,307634,27677414,40517973761,12584273,16437679275,14958,971262,40937,40937,199996.05104166665,31.73412972022882,0.0,0.0,135.69791666666669,4.789046495378407,0.0,0.0,13.569791666666667,0.0,0.0,0.0,199980.69150326797,38.6013562880536,0.0,0.0,341.7914624183006,6.200888613675605,0.0,34.17914624183007,399954.98506944446,33.96350610287253,399954.9880787037,33.96726878197741,826.1875,4.3804503013845855,0.0,0.0,82.61875,0.0
107,0,0,200,1.2,200000,userspace,8,52.6,0.73,13.65,0.1,327,91272,194894,0,565151,13403321,19353860499,5996093,7877612776,15428,997129,26351,26351,94510.6208912037,2190.450005958462,0.0,0.0,34.76041666666667,2.8443097060454727,0.0,0.0,3.4760416666666663,0.0,0.0,0.0,94499.04450231482,2188.9328263425646,0.0,0.0,782.0970179738563,9.43278749101442,0.0,78.20970179738562,188997.05370370374,4361.919906030629,188997.04525462963,4361.919790550826,891.7638888888889,24.286817752651455,0.0,0.0,89.17638888888888,0.0
108,0,0,200,1.4,200000,userspace,8,58.84,0.8,13.8,0.13,381,124592,188691,0,501150,15337911,22187907076,6792661,9014264554,16872,1084059,15521,15521,109125.75480324075,3915.9924215815427,0.0,0.0,77.03125,7.734209173404066,0.0,0.0,7.703125,0.0,0.0,0.0,109137.83053513072,3913.11228511525,0.0,0.0,759.8024918300653,19.624629283054613,0.0,75.98024918300653,218280.21284722222,7810.413421162413,218280.23356481481,7810.394096183854,881.8680555555555,54.77121215600084,0.0,0.0,88.18680555555557,0.0
109,0,0,200,1.6,200000,userspace,8,63.82,0.38,14.11,0.07,471,220918,212030,0,472629,19957386,29024853548,8793680,11775894781,13733,885400,15088,15088,143618.59456018519,296.41318715822104,0.0,0.0,99.89583333333334,4.903817864516021,0.0,0.0,9.989583333333334,0.0,0.0,0.0,143631.89050585512,294.23545028334877,0.0,0.0,681.1446078431372,7.153864687688952,0.0,68.11446078431372,287285.74548611115,588.8386603134838,287285.7319444445,588.8327330857048,966.0069444444446,3.3273979080030127,0.0,0.0,96.60069444444444,0.0
110,0,0,200,1.8,200000,userspace,8,72.27,0.5,14.21,0.07,511,258834,210470,0,448074,22398254,32648794230,9829696,13242259689,17166,1179578,32387,32387,162393.06805555554,581.4219256473009,0.0,0.0,121.70138888888889,4.835301255254215,0.0,0.0,12.17013888888889,0.0,0.0,0.0,162380.6997583061,575.4418756955046,0.0,0.0,631.4859068627452,9.803367833063298,0.0,63.14859068627451,324760.6854166667,1142.6367232937725,324760.67847222224,1142.6351179199416,985.9305555555554,2.0855002647356304,0.0,0.0,98.59305555555555,0.0
111,0,0,200,2.0,200000,userspace,8,75.31,1.57,14.47,0.15,601,266801,350391,0,610017,23604680,34437657973,10515791,13978278428,15039,975323,45391,45391,171659.8847800926,2755.7747789499304,0.0,0.0,119.13541666666666,5.631293990833932,0.0,0.0,11.913541666666665,0.0,0.0,0.0,171641.4188623366,2734.3552265907897,0.0,0.0,633.9452614379086,13.435054678618759,0.0,63.394526143790856,343284.86342592596,5482.154969055652,343284.88726851845,5482.1855628178655,936.6944444444445,30.229996809322394,0.0,0.0,93.66944444444445,0.0
112,0,0,200,2.2,200000,userspace,8,83.15,0.56,14.52,0.09,465,803146,162618,0,361039,27404768,40211780685,12103655,16293858170,15947,1032521,35200,35200,199925.30596064814,122.79131340730464,0.0,0.0,158.95486111111111,9.411496596313654,0.0,0.0,15.895486111111113,0.0,0.0,0.0,199916.23070193356,125.01520498467207,0.0,0.0,506.8874591503268,30.21998474567677,0.0,50.688745915032676,399861.8303240741,239.60320547973305,399861.84375,239.5915404815161,996.3888888888889,2.055420954124822,0.0,0.0,99.63888888888889,0.0
113,0,0,200,2.4,200000,userspace,8,88.89,1.47,14.86,0.17,797,494309,381216,0,771291,27176937,39698811921,12197755,16098737053,14190,912313,19881,19881,196570.40497685186,1152.1456582295968,0.0,0.0,143.70486111111111,5.126172879480466,0.0,0.0,14.37048611111111,0.0,0.0,0.0,196561.0883476307,1172.6506266903555,0.0,0.0,519.4875408496732,52.836747303399044,0.0,51.94875408496732,393136.92962962965,2298.17415895829,393137.0505787037,2298.2761936208926,941.7361111111111,23.535380233117674,0.0,0.0,94.17361111111111,0.0
114,0,0,200,2.6,200000,userspace,8,91.68,0.7,14.76,0.09,798,733030,196427,0,467423,27297698,40031922837,11983834,16212456863,14816,979743,70506,70506,199997.07488425926,11.619496955409323,0.0,0.0,159.51041666666669,4.630690859311949,0.0,0.0,15.951041666666669,0.0,0.0,0.0,199999.78674768517,0.30213657049159615,0.0,0.0,390.280433006536,12.30747849006303,0.0,39.02804330065359,399998.7719907408,13.977131730403807,399998.7744212963,13.977599432443082,859.0833333333333,9.531366049445229,0.0,0.0,85.90833333333333,0.0
115,0,0,300,1.2,200000,userspace,8,51.71,0.47,14.06,0.06,272,39020,137842,0,744390,12277412,17702777516,5473214,7210547939,17085,1105063,32544,32544,86733.8759837963,951.951741196905,0.0,0.0,68.11458333333334,3.4556386729305104,0.0,0.0,6.811458333333333,0.0,0.0,0.0,86748.04289215687,926.4338855995552,0.0,0.0,794.0990604575164,7.350869898305289,0.0,79.40990604575163,173500.82083333333,1859.013804134845,173500.83032407408,1859.0091127688538,838.6458333333333,22.09763246875611,0.0,0.0,83.86458333333333,0.0
116,0,0,300,1.4,200000,userspace,8,60.4,0.96,14.1,0.08,409,117296,303651,0,577173,16970242,24634768576,7540639,9998911674,13373,859779,14107,14107,122026.67771990741,1741.0428223680435,0.0,0.0,95.29513888888889,6.021541572724532,0.0,0.0,9.52951388888889,0.0,0.0,0.0,122028.43754765794,1733.8014406254238,0.0,0.0,707.7994281045751,11.371228670802862,0.0,70.77994281045751,244048.86493055557,3496.7716412068075,244048.88495370373,3496.776934206254,990.9513888888889,15.145961457565441,0.0,0.0,99.0951388888889,0.0
117,0,0,300,1.6,200000,userspace,8,64.22,1.13,14.26,0.09,541,94344,343527,0,643780,17921297,26014673615,7986301,10561835672,14340,924263,23624,23624,128080.66747685184,430.37149469489026,0.0,0.0,100.09722222222223,5.300016147460142,0.0,0.0,10.009722222222223,0.0,0.0,0.0,128046.39176538671,436.8790791956944,0.0,0.0,704.0739379084966,10.496806464623063,0.0,70.40739379084968,256128.8606481481,919.0255427538241,256128.84467592594,919.0281852376402,944.8333333333334,21.30895310572577,0.0,0.0,94.48333333333333,0.0
118,0,0,300,1.8,200000,userspace,8,69.59,1.33,14.45,0.15,549,97990,323985,0,677296,20528254,29892269613,9055976,12130923900,16185,1043227,19486,19486,148135.68298611115,1344.9837320625397,0.0,0.0,105.47569444444444,5.329868058300602,0.0,0.0,10.547569444444445,0.0,0.0,0.0,148114.2793504902,1317.364333423677,0.0,0.0,669.2902369281046,10.45214263593553,0.0,66.92902369281046,296261.67141203705,2690.657454353878,296261.66689814813,2690.6620509117997,925.1041666666665,26.600204386229958,0.0,0.0,92.51041666666667,0.0
119,0,0,300,2.0,200000,userspace,8,74.27,1.76,14.72,0.14,675,90373,352431,0,679222,22955628,33440495341,10133865,13567011827,15276,985666,20470,20470,165839.18848379632,2263.3026649775084,0.0,0.0,127.94791666666666,5.733462968518774,0.0,0.0,12.794791666666667,0.0,0.0,0.0,165817.66421228216,2243.9494990349212,0.0,0.0,631.2369281045752,15.528306486151381,0.0,63.12369281045751,331654.66724537034,4529.427342109579,331654.67604166665,4529.428261316831,919.7222222222222,33.39877464200721,0.0,0.0,91.97222222222223,0.0
120,0,0,300,2.2,200000,userspace,8,80.01,0.96,14.75,0.19,549,119697,278239,0,668086,23655287,34541463636,10297395,14005878502,14983,962775,14613,14613,170862.08663194443,434.1239804670341,0.0,0.0,125.69444444444446,4.915520578613711,0.0,0.0,12.569444444444445,0.0,0.0,0.0,170876.4603587963,453.8173818051281,0.0,0.0,630.688929738562,8.247268901480094,0.0,63.068892973856215,341765.80231481476,931.01241907232,341765.8288194444,931.0333472603226,885.0069444444443,13.709614729824837,0.0,0.0,88.50069444444443,0.0
121,0,0,300,2.4,200000,userspace,8,84.67,1.44,14.91,0.17,686,103876,343688,0,857132,24129557,35230657407,10624429,14292146542,13059,839329,14072,14072,173062.80706018518,1477.9950212606457,0.0,0.0,139.03472222222223,5.452543277271719,0.0,0.0,13.903472222222222,0.0,0.0,0.0,173069.34482570807,1472.306096700717,0.0,0.0,609.640318627451,7.706774257072353,0.0,60.9640318627451,346138.53854166664,2965.124392562076,346138.5667824074,2965.169343340552,838.8888888888889,15.583833221009264,0.0,0.0,83.88888888888889,0.0
122,0,0,300,2.6,200000,userspace,8,88.4,1.16,13.84,0.15,674,621836,173851,0,346046,27497367,40462172045,11745811,16364345485,14490,982458,138040,138040,200008.7931712963,37.03287977620529,0.0,0.0,142.41319444444446,5.308356904453721,0.0,0.0,14.241319444444445,0.0,0.0,0.0,199999.19723583877,35.85748074798984,0.0,0.0,356.8063725490196,7.484168723816112,0.0,35.68063725490197,399991.3681712963,19.397579455335546,399991.3865740741,19.420145883830486,839.3541666666667,6.3037598242793464,0.0,0.0,83.93541666666667,0.0
123,0,0,400,1.2,200000,userspace,8,53.01,0.4,13.92,0.16,234,54714,142376,0,549237,14463751,20985617906,6287849,8523276866,17536,1158655,88890,88890,102200.1282986111,470.13491419454226,0.0,0.0,85.43055555555554,3.939913146248619,0.0,0.0,8.543055555555554,0.0,0.0,0.0,102189.10948393247,479.42005264375916,0.0,0.0,759.7422385620914,7.16149437958342,0.0,75.97422385620915,204389.60439814813,963.1946332408381,204389.61712962965,963.196547881005,940.3958333333334,15.909358143397146,0.0,0.0,94.03958333333333,0.0
124,0,0,400,1.4,200000,userspace,8,58.63,1.08,14.05,0.15,305,88613,263675,0,556673,17725838,25746716473,7773835,10444608392,14923,985247,73513,73513,125634.49884259258,2020.5258391176594,0.0,0.0,93.57638888888889,5.122634801111433,0.0,0.0,9.35763888888889,0.0,0.0,0.0,125618.26314678648,2063.394868620532,0.0,0.0,712.7702205882352,20.811829472229416,0.0,71.27702205882353,251263.92546296294,4070.9279674983445,251263.93275462964,4070.9276676977024,957.4722222222222,37.37236554505829,0.0,0.0,95.74722222222223,0.0
125,0,0,400,1.6,200000,userspace,8,64.96,0.44,14.07,0.09,402,92280,149723,0,424602,19451040,28363973993,8263274,11488553754,15940,1031092,33318,33318,139771.2752314815,234.76976111089215,0.0,0.0,113.95138888888889,3.4900171340209143,0.0,0.0,11.395138888888889,0.0,0.0,0.0,139771.49700776144,227.91597267885282,0.0,0.0,689.8511029411765,5.679062641941641,0.0,68.98511029411765,279543.5878472222,448.1706302020394,279543.5721064815,448.16663525543356,972.9236111111111,2.5159925104084353,0.0,0.0,97.29236111111112,0.0
126,0,0,400,1.8,200000,userspace,8,69.28,0.48,14.25,0.1,464,63825,162718,0,520748,22280553,32606168659,9452388,13204373861,16703,1078340,24298,24298,161226.27743055555,199.34970513924787,0.0,0.0,115.46180555555556,4.291112435068296,0.0,0.0,11.546180555555555,0.0,0.0,0.0,161223.80109953703,189.08424013978953,0.0,0.0,652.8970588235295,5.976445698015805,0.0,65.28970588235293,322443.47349537036,381.6074891897991,322443.51134259265,381.57697226716186,947.8680555555555,5.296460547844965,0.0,0.0,94.78680555555556,0.0
127,0,0,400,2.0,200000,userspace,8,78.1,1.8,14.65,0.14,572,118070,299523,0,631697,23509908,34317562077,10251582,13915068258,15570,1055385,133356,133356,169192.946412037,2670.019241144998,0.0,0.0,57.01041666666667,4.341155168634732,0.0,0.0,5.701041666666667,0.0,0.0,0.0,169142.975708061,2619.80963158773,0.0,0.0,634.9483251633986,15.732498323929944,0.0,63.49483251633987,338393.20787037036,5348.149286993812,338393.1831018518,5348.126873164578,950.6597222222222,39.410183459937926,0.0,0.0,95.06597222222223,0.0
128,0,0,400,2.2,200000,userspace,8,80.78,0.83,14.71,0.13,616,36163,171754,0,640543,22109424,32351471631,9376895,13101840444,16811,1078510,17938,17938,161180.92783564818,1325.525125932827,0.0,0.0,49.68055555555556,3.9554063521072598,0.0,0.0,4.968055555555555,0.0,0.0,0.0,161137.8790815632,1323.5747812723075,0.0,0.0,646.9824346405228,7.713545898596928,0.0,64.69824346405228,322314.3740740741,2647.0376516859783,322314.36064814817,2647.019144670937,858.7013888888889,10.875359987636632,0.0,0.0,85.87013888888889,0.0
129,0,0,400,2.4,200000,userspace,8,88.81,0.84,14.31,0.14,682,452572,250182,0,381514,27368971,40272148535,11578331,16285915690,15406,989791,20216,20216,200006.66608796292,42.115719030333835,0.0,0.0,145.40277777777777,5.500683590969146,0.0,0.0,14.540277777777778,0.0,0.0,0.0,199991.3410709423,37.898290432045194,0.0,0.0,429.65277777777777,6.6602030560011585,0.0,42.96527777777777,399981.11331018514,19.569433362200844,399981.11967592593,19.560176199782674,933.125,4.849229242064735,0.0,0.0,93.3125,0.0
130,0,0,400,2.6,200000,userspace,8,87.4,2.28,14.22,0.42,687,490642,220024,0,444395,27234015,40095131572,11609425,16212513633,12311,794386,24334,24334,200012.8875,41.988120640732035,0.0,0.0,129.90972222222223,4.680529189611145,0.0,0.0,12.990972222222222,0.0,0.0,0.0,199989.74012459148,14.85878807633241,0.0,0.0,271.34742647058823,17.36418715946793,0.0,27.13474264705882,399982.18645833334,15.824094320615119,399982.2018518519,15.810815278337298,820.4097222222222,12.589178276781848,0.0,0.0,82.04097222222222,0.0
131,0,0,500,1.2,200000,userspace,8,52.59,0.34,13.77,0.07,233,46274,92998,0,444817,14399751,20861136494,6081747,8460293408,16546,1061147,11587,11587,102168.22818287037,433.3740507280214,0.0,0.0,76.71180555555556,3.707989400447005,0.0,0.0,7.671180555555556,0.0,0.0,0.0,102166.64913534859,438.3578006399283,0.0,0.0,761.8553921568628,7.816459205052292,0.0,76.18553921568628,204338.1045138889,871.8520010591487,204338.10740740743,871.8575349061913,925.7430555555555,9.30449149764941,0.0,0.0,92.57430555555555,0.0
132,0,0,500,1.4,200000,userspace,8,57.69,0.36,13.98,0.09,334,45245,133664,0,454870,17051285,24881539986,7221367,10078282735,14452,928003,16141,16141,122689.2382523148,159.57145152288095,0.0,0.0,94.61805555555556,5.208606147815489,0.0,0.0,9.461805555555555,0.0,0.0,0.0,122721.26221745642,184.5039680502523,0.0,0.0,712.2796160130719,6.612451089178503,0.0,71.22796160130719,245418.259375,374.6993699198381,245418.26157407407,374.69947171933325,954.4305555555555,2.063074680118202,0.0,0.0,95.44305555555556,0.0
133,0,0,500,1.6,200000,userspace,8,62.35,0.75,14.06,0.09,528,45524,116128,0,534443,17660755,25764878174,7460726,10434934547,16452,1056373,16994,16994,127841.42598379632,3696.6075316583906,0.0,0.0,93.73611111111111,4.461285894166247,0.0,0.0,9.37361111111111,0.0,0.0,0.0,127835.14001906317,3659.7545209619066,0.0,0.0,719.3102532679738,8.396482315129262,0.0,71.93102532679738,255710.15405092592,7350.794013222507,255710.18969907408,7350.7685780887205,901.2777777777778,3.344620198693947,0.0,0.0,90.12777777777777,0.0
134,0,0,500,1.8,200000,userspace,8,68.84,0.57,14.27,0.1,603,58710,137988,0,470749,22564409,33041338670,9450268,13373252488,13697,880106,13822,13822,162669.2900462963,2425.1623959497956,0.0,0.0,150.40625,6.979416595008049,0.0,0.0,15.040625,0.0,0.0,0.0,162655.1026484205,2403.7723967930306,0.0,0.0,639.90727124183,12.810182115924977,0.0,63.99072712418301,325303.7208333333,4791.701135557812,325303.73692129634,4791.717568273205,965.3819444444445,25.654127119822544,0.0,0.0,96.53819444444443,0.0
135,0,0,500,2.0,200000,userspace,8,76.93,0.9,14.75,0.09,558,42068,219722,0,631597,21543729,31469002297,9341541,12755854428,14636,979905,114936,114936,155716.36377314813,558.2032718454864,0.0,0.0,114.84027777777777,4.953230703966103,0.0,0.0,11.484027777777778,0.0,0.0,0.0,155751.7954861111,527.9129786076112,0.0,0.0,645.7146650326797,12.285582109732552,0.0,64.57146650326797,311452.3101851852,1166.5301051756314,311452.3106481482,1166.5307752731235,943.6875,31.062826192623664,0.0,0.0,94.36875,0.0
136,0,0,500,2.2,200000,userspace,8,81.57,1.51,14.73,0.12,538,29586,168476,0,724029,23207120,33938425868,10005229,13753027697,14701,943748,18667,18667,166280.56614583335,963.4212881308061,0.0,0.0,147.4375,5.89945971929247,0.0,0.0,14.743750000000002,0.0,0.0,0.0,166283.41968954247,970.070945879792,0.0,0.0,641.498366013072,9.363937077445176,0.0,64.14983660130719,332556.89548611117,1956.3802301144092,332556.89328703703,1956.390826062568,908.0625,23.007252077582777,0.0,0.0,90.80624999999999,0.0
137,0,0,500,2.4,200000,userspace,8,85.36,2.0,14.65,0.25,691,308394,247849,0,599053,27465345,40355665770,11793096,16323495560,15920,1027618,25661,25661,199562.64907407408,458.30745374970394,0.0,0.0,157.61805555555554,5.763092259834974,0.0,0.0,15.761805555555556,0.0,0.0,0.0,199624.17940836056,424.7255251953402,0.0,0.0,333.0974264705883,104.53685883423421,0.0,33.309742647058826,399139.31539351854,937.8262943409305,399139.3221064815,937.8572796871981,881.0763888888889,23.051043864510223,0.0,0.0,88.10763888888889,0.0
138,0,0,500,2.6,200000,userspace,8,93.13,0.56,14.94,0.12,717,76492,130678,0,640266,26828312,39373181822,11159412,15914820079,14563,934556,16714,16714,196743.42847222224,402.5895307287699,0.0,0.0,143.16319444444446,4.362885517382006,0.0,0.0,14.316319444444446,0.0,0.0,0.0,196730.76402845862,402.1863582386393,0.0,0.0,563.0218545751634,6.4034448201146965,0.0,56.302185457516345,393455.28553240746,801.2481691861375,393455.26423611114,801.2612970010332,879.4513888888889,2.7428250078816667,0.0,0.0,87.94513888888889,0.0
139,0,0,600,1.2,200000,userspace,8,51.9,0.4,13.98,0.08,194,17323,71720,0,485488,13555706,19589659250,5695640,7947155085,15242,981051,20702,20702,94919.76655092592,428.7141959987996,0.0,0.0,86.45833333333334,2.837805475541332,0.0,0.0,8.645833333333332,0.0,0.0,0.0,94931.85911288127,422.39606473090794,0.0,0.0,772.3345588235295,6.392760863459202,0.0,77.23345588235294,189871.74398148147,834.3639118673967,189871.72881944443,834.3342427444434,889.0,8.07951058026092,0.0,0.0,88.9,0.0
140,0,0,600,1.4,200000,userspace,8,58.72,0.69,14.17,0.15,374,57779,141353,0,546198,17940393,26186251892,7700741,10606156775,13338,855390,14218,14218,128651.33917824074,242.56228920696867,0.0,0.0,93.95486111111111,3.981405243351684,0.0,0.0,9.395486111111111,0.0,0.0,0.0,128669.4397263072,278.6494979620055,0.0,0.0,707.3952205882354,8.92099597366333,0.0,70.73952205882352,257309.75104166666,552.7997513174007,257309.75046296295,552.8080055426271,976.7222222222222,10.267589094845848,0.0,0.0,97.67222222222222,0.0
141,0,0,600,1.6,200000,userspace,8,61.99,0.41,14.19,0.07,392,46763,84988,0,517233,17287096,25206845194,7237993,10203602117,15428,990705,19092,19092,123987.12274305556,654.2479099987775,0.0,0.0,95.12152777777779,4.05865932842357,0.0,0.0,9.512152777777779,0.0,0.0,0.0,124014.54275599128,621.8699284250705,0.0,0.0,723.3470179738562,6.266504675788097,0.0,72.33470179738562,248013.6081018519,1306.702059727269,248013.6240740741,1306.7074646882493,897.1527777777778,8.81206022775456,0.0,0.0,89.71527777777779,0.0
142,0,0,600,1.8,200000,userspace,8,71.68,0.41,14.17,0.1,373,69432,122896,0,419342,22639222,33180031119,9405702,13426008420,14526,930878,13953,13953,162641.43987268518,151.34866646048377,0.0,0.0,116.92013888888889,4.570752658331452,0.0,0.0,11.692013888888889,0.0,0.0,0.0,162657.1077103758,182.18162780874263,0.0,0.0,618.6100898692811,6.843057703992165,0.0,61.861008986928105,325293.1292824074,335.5720006339992,325293.13125,335.57330191603944,997.0069444444443,1.9737177777971389,0.0,0.0,99.70069444444445,0.0
143,0,0,600,2.0,200000,userspace,8,74.35,0.49,14.62,0.08,515,45613,105696,0,546563,22972519,33678315124,9549791,13626041203,16127,1037680,17882,17882,167201.2609375,1491.8992942504617,0.0,0.0,128.65277777777777,6.5921883847689156,0.0,0.0,12.865277777777777,0.0,0.0,0.0,167200.6222528595,1503.1716443179525,0.0,0.0,633.2657271241831,10.271071653053687,0.0,63.3265727124183,334432.8189814815,2984.7120826225664,334432.85891203705,2984.725114068248,933.8680555555555,21.0588959729215,0.0,0.0,93.38680555555555,0.0
144,0,0,600,2.2,200000,userspace,8,79.93,0.63,14.86,0.11,541,65996,106103,0,573419,24564574,36066263792,10171579,14587556930,15042,988343,57652,57652,179747.1990740741,704.1310898950566,0.0,0.0,136.01041666666666,5.950184439680252,0.0,0.0,13.601041666666667,0.0,0.0,0.0,179759.45045275055,704.7543010333815,0.0,0.0,615.6999591503268,12.460007696701801,0.0,61.56999591503268,359512.3121527778,1411.001678455381,359512.3082175926,1411.0022509113592,904.2291666666666,14.923448753529087,0.0,0.0,90.42291666666667,0.0
145,0,0,600,2.4,200000,userspace,8,86.11,0.81,14.88,0.12,476,26503,113154,0,633665,25919678,38083334934,10722328,15397745901,13485,866004,16757,16757,188659.2873263889,477.0081469426385,0.0,0.0,153.98263888888889,9.61604581406987,0.0,0.0,15.398263888888888,0.0,0.0,0.0,188640.19945193356,446.081570052635,0.0,0.0,598.7209967320262,6.659280109030314,0.0,59.87209967320261,377285.0789351852,945.5438242138118,377285.15092592593,945.5580704344735,885.4652777777778,4.4630178267160385,0.0,0.0,88.54652777777778,0.0
146,0,0,600,2.6,200000,userspace,8,94.94,0.87,14.79,0.07,678,55702,92711,0,685315,25387676,37273767341,10522821,15076476132,15746,1011050,14217,14217,186305.5373263889,606.529175468527,0.0,0.0,150.68402777777777,5.371173568786386,0.0,0.0,15.068402777777777,0.0,0.0,0.0,186362.6420581427,528.2910399320385,0.0,0.0,600.4865196078431,13.489122562499967,0.0,60.04865196078431,372562.23368055554,1214.0288139418508,372562.23842592596,1214.0260533388082,848.7291666666666,8.876038138642961,0.0,0.0,84.87291666666667,0.0
147,0,0,700,1.2,200000,userspace,8,53.19,0.52,13.68,0.07,128,30484,71101,0,434242,14970662,21776117971,6265045,8827981629,14548,939394,19890,19890,106770.52372685185,533.3941658003193,0.0,0.0,98.78125,3.792080762556706,0.0,0.0,9.878125,0.0,0.0,0.0,106780.3061648965,536.0449030812176,0.0,0.0,751.7487745098039,6.617863588979084,0.0,75.1748774509804,213544.97650462962,1091.2761515022746,213544.9611111111,1091.2834582515618,959.4930555555555,5.62920001060211,0.0,0.0,95.94930555555555,0.0
148,0,0,700,1.4,200000,userspace,8,59.88,0.98,13.96,0.11,225,47770,147836,0,551908,17161380,25014986597,7374802,10133057989,14483,935824,31864,31864,123096.72337962964,1400.1950270563677,0.0,0.0,41.53819444444444,4.724023747296706,0.0,0.0,4.153819444444444,0.0,0.0,0.0,123090.93503540306,1374.722198031963,0.0,0.0,712.5214460784314,16.66397970423496,0.0,71.25214460784314,246191.2412037037,2804.4124461479496,246191.2355324074,2804.425939020148,965.8402777777778,44.32738202892689,0.0,0.0,96.58402777777778,0.0
149,0,0,700,1.6,200000,userspace,8,66.07,0.4,14.27,0.07,450,85105,154594,0,432090,20021024,29319422174,8320241,11862629135,14087,919026,49910,49910,143445.27175925925,75.35910973597953,0.0,0.0,105.70138888888889,5.544165693903633,0.0,0.0,10.57013888888889,0.0,0.0,0.0,143442.0183891612,79.73119876785296,0.0,0.0,682.1053921568628,6.9850399920038795,0.0,68.21053921568628,286869.9740740741,159.5769387538072,286869.96990740736,159.57560234022012,997.2777777777778,1.1300798220104775,0.0,0.0,99.72777777777779,0.0
150,0,0,700,1.8,200000,userspace,8,67.36,0.44,14.02,0.08,434,25072,62948,0,563685,19441732,28454950943,8078269,11513835811,15721,1022260,51046,51046,141126.02303240742,498.0229205296399,0.0,0.0,122.625,5.597690166486066,0.0,0.0,12.2625,0.0,0.0,0.0,141140.03710852397,493.31044758940186,0.0,0.0,692.657066993464,6.68105468057866,0.0,69.2657066993464,282277.33379629627,983.8105432382323,282277.32372685184,983.8151572775407,892.625,3.67382098657491,0.0,0.0,89.26249999999999,0.0
151,0,0,700,2.0,200000,userspace,8,76.17,0.45,14.21,0.09,392,26838,66439,0,549975,21707193,31840696956,8993864,12880677074,15302,992449,34918,34918,158173.06180555557,260.0889916521894,0.0,0.0,127.46180555555556,4.797680437806918,0.0,0.0,12.746180555555556,0.0,0.0,0.0,158186.35020084423,245.20374910098207,0.0,0.0,666.3321078431372,3.95804061118067,0.0,66.63321078431372,316365.94247685187,489.20077930082743,316365.9203703703,489.2242006955787,916.6944444444446,2.2724228113316056,0.0,0.0,91.66944444444445,0.0
152,0,0,700,2.2,200000,userspace,8,81.21,0.61,14.67,0.08,618,71824,86055,0,534653,22453288,32931044231,9272256,13320999362,16583,1066640,23954,23954,162955.7617476852,1020.084242365648,0.0,0.0,144.35069444444446,4.941783262239703,0.0,0.0,14.435069444444446,0.0,0.0,0.0,162952.07811138342,1034.29903644767,0.0,0.0,647.2009803921568,8.86464316915894,0.0,64.72009803921569,325926.5119212963,2030.7932090941886,325926.47800925927,2030.8227006376737,893.5555555555557,16.11779851919673,0.0,0.0,89.35555555555555,0.0
153,0,0,700,2.4,200000,userspace,8,87.58,1.01,14.43,0.12,614,340765,273384,0,414384,27289574,40274746670,11215376,16263713613,12902,834745,25763,25763,199697.05196759256,429.5795360151294,0.0,0.0,136.32291666666666,4.320926366155882,0.0,0.0,13.632291666666667,0.0,0.0,0.0,199677.66309232026,433.1440088575405,0.0,0.0,409.0012254901961,43.705609598331975,0.0,40.90012254901961,399367.08321759256,849.4818765425196,399367.0865740741,849.4863863048414,920.25,9.941685031321118,0.0,0.0,92.025,0.0
154,0,0,700,2.6,200000,userspace,8,91.45,0.67,15.49,0.12,610,53736,74802,0,598914,23835260,35015958506,9851856,14163079238,15656,1006458,17373,17373,173774.09525462962,3155.6807683278457,0.0,0.0,56.99305555555556,4.651518645558874,0.0,0.0,5.699305555555556,0.0,0.0,0.0,173789.71857638887,3159.892813124838,0.0,0.0,627.9701797385621,8.251193371098143,0.0,62.79701797385621,347527.06516203703,6346.35727725532,347527.08113425924,6346.357209651711,894.2986111111111,9.627851988316628,0.0,0.0,89.42986111111111,0.0
155,0,0,800,1.2,200000,userspace,8,54.88,0.41,13.66,0.08,225,50998,139251,0,381863,14827696,21639598566,6198718,8769462959,14227,928215,19186,19186,106036.83466435186,168.80917692825898,0.0,0.0,91.07291666666666,4.732456960789094,0.0,0.0,9.107291666666667,0.0,0.0,0.0,106040.51674496187,158.78916838415233,0.0,0.0,735.6503267973857,8.068232739580292,0.0,73.56503267973856,212074.5826388889,325.3240042132185,212074.58391203705,325.3249477893787,998.7222222222222,0.5242161717899142,0.0,0.0,99.8722222222222,0.0
156,0,0,800,1.4,200000,userspace,8,58.17,0.5,14.11,0.13,293,44543,115457,0,545546,17238152,25180457390,7363965,10199227356,13051,837188,12125,12125,123481.60885416667,315.3724696513129,0.0,0.0,91.375,4.868255400795508,0.0,0.0,9.1375,0.0,0.0,0.0,123497.95263139978,309.3740681715689,0.0,0.0,717.5404411764706,9.771912519190966,0.0,71.75404411764706,247003.94189814816,636.5926580333244,247003.93148148147,636.5519701664118,962.6388888888889,9.692396045435963,0.0,0.0,96.26388888888889,0.0
157,0,0,800,1.6,200000,userspace,8,64.46,0.43,14.07,0.07,358,25417,45514,0,466331,18701395,27335132245,7721337,11060016494,14657,943303,20650,20650,135179.67552083335,125.9848447305717,0.0,0.0,57.138888888888886,3.291324976625408,0.0,0.0,5.7138888888888895,0.0,0.0,0.0,135189.96311274508,125.27208988743634,0.0,0.0,707.3521241830065,6.191321122464071,0.0,70.73521241830065,270380.4525462963,239.53866864019636,270380.46400462964,239.54185944911052,942.3333333333334,1.8634559760090985,0.0,0.0,94.23333333333333,0.0
158,0,0,800,1.8,200000,userspace,8,71.1,0.83,14.52,0.09,489,51732,134492,0,565780,20118649,29390334316,8555785,11895097996,13204,847707,17878,17878,146380.84890046294,2872.175312809615,0.0,0.0,114.62847222222223,5.139657636582549,0.0,0.0,11.462847222222223,0.0,0.0,0.0,146348.60395901417,2851.740329769559,0.0,0.0,676.5179738562092,14.901526573153392,0.0,67.65179738562092,292705.8063657407,5749.423454341164,292705.83009259263,5749.416560379899,934.5972222222223,35.80831032820798,0.0,0.0,93.45972222222221,0.0
159,0,0,800,2.0,200000,userspace,8,75.5,0.47,14.43,0.07,409,26591,60159,0,481817,24012255,35272436115,9829789,14259060785,15665,1004852,16885,16885,175213.9818287037,307.7190450436997,0.0,0.0,141.56944444444446,3.3352598561006674,0.0,0.0,14.156944444444445,0.0,0.0,0.0,175213.33176402506,312.82360152061483,0.0,0.0,623.9934640522875,7.920295896298434,0.0,62.39934640522876,350425.2337962963,623.9176988656674,350425.24224537035,623.9251433863484,942.0,3.2110947263657943,0.0,0.0,94.19999999999999,0.0
160,0,0,800,2.2,200000,userspace,8,82.41,1.43,14.82,0.11,568,188460,219239,0,557323,26889831,39511850984,11364248,15972175852,17633,1129682,14312,14312,197565.09780092593,1197.6462721526068,0.0,0.0,158.21527777777777,8.737972467023454,0.0,0.0,15.821527777777778,0.0,0.0,0.0,197453.01871936276,1252.5736146705408,0.0,0.0,493.15236928104576,69.58041745011758,0.0,49.315236928104575,395145.7184027778,2401.2233791369144,395145.6914351852,2401.2318654277565,959.3472222222223,28.728473669356713,0.0,0.0,95.93472222222222,0.0
161,0,0,800,2.4,200000,userspace,8,85.24,0.51,14.87,0.08,622,67334,73370,0,678520,24773494,36421986921,10208776,14726751553,13962,898632,18319,18319,181972.91012731483,217.78154263053545,0.0,0.0,56.57291666666667,5.946841446180545,0.0,0.0,5.6572916666666675,0.0,0.0,0.0,181943.39514569717,197.31943382523417,0.0,0.0,617.1027369281046,8.812769455164803,0.0,61.71027369281046,363883.42488425924,388.28275732582784,363883.4013888889,388.2728453140326,854.2361111111111,2.794046364007962,0.0,0.0,85.42361111111111,0.0
162,0,0,800,2.6,200000,userspace,8,91.17,0.87,14.81,0.14,671,77599,86444,0,650369,25567636,37598298537,10453729,15196296761,19401,1244611,11473,11473,187850.8054398148,850.4587957947675,0.0,0.0,146.13541666666669,3.491740456794639,0.0,0.0,14.613541666666666,0.0,0.0,0.0,188080.5376804194,792.5347179911097,0.0,0.0,600.2481617647059,11.209920138845444,0.0,60.02481617647059,375683.8493055556,1700.6698855665222,375683.8295138889,1700.7057430634572,842.1944444444445,7.719395155494947,0.0,0.0,84.21944444444443,0.0
163,0,0,900,1.2,200000,userspace,8,52.1,0.34,13.89,0.1,248,14586,35775,0,466450,13292353,19345772473,5538329,7842626611,14027,906473,25768,25768,94007.85949074074,948.280446673635,0.0,0.0,77.97916666666666,3.989632880665409,0.0,0.0,7.797916666666667,0.0,0.0,0.0,94006.42908837146,928.7928093314538,0.0,0.0,782.0882352941177,7.735913826374042,0.0,78.20882352941176,188041.2459490741,1889.8666464348694,188041.25520833337,1889.8599404826919,899.8888888888889,3.4287584856291042,0.0,0.0,89.98888888888888,0.0
164,0,0,900,1.4,200000,userspace,8,56.58,0.42,14.01,0.09,291,28050,54087,0,471260,15578319,22768119205,6436823,9211219118,16724,1077118,23019,23019,112091.45815972221,146.1980096935853,0.0,0.0,81.78819444444444,3.6758907895032094,0.0,0.0,8.178819444444445,0.0,0.0,0.0,112093.58107298474,141.4002750542471,0.0,0.0,743.0337009803922,6.552759872913498,0.0,74.30337009803921,224210.86932870367,282.11776975637815,224210.86898148147,282.1222105960677,899.8333333333333,6.92986806302933,0.0,0.0,89.98333333333333,0.0
165,0,0,900,1.6,200000,userspace,8,64.05,0.38,14.16,0.08,316,72044,91091,0,411743,21073637,30904966882,8634129,12497710682,15277,984058,25739,25739,151687.58692129632,207.70917334849912,0.0,0.0,113.46180555555556,5.097674012403801,0.0,0.0,11.346180555555556,0.0,0.0,0.0,151692.10073188995,189.3436895139672,0.0,0.0,652.6893382352941,7.093084047624128,0.0,65.26893382352941,303393.482175926,415.6323992448391,303393.47407407407,415.6321425023424,992.4583333333334,4.45659207412582,0.0,0.0,99.24583333333334,0.0
166,0,0,900,1.8,200000,userspace,8,69.02,0.45,14.3,0.09,368,22353,53058,0,428947,22610751,33216586780,9244818,13429089477,12651,811879,11269,11269,164407.27986111114,526.208599044906,0.0,0.0,70.49305555555556,5.139865170498517,0.0,0.0,7.049305555555556,0.0,0.0,0.0,164430.22874114924,513.4984333665207,0.0,0.0,638.4544526143791,6.54007279177188,0.0,63.8454452614379,328852.7988425926,1028.6934380172377,328852.81180555554,1028.675035303902,969.3055555555555,3.3861414636707963,0.0,0.0,96.93055555555554,0.0
167,0,0,900,2.0,200000,userspace,8,75.86,0.48,14.33,0.09,372,79305,69405,0,436370,25806217,37978999537,10540992,15351012283,16213,1060838,51924,51924,186741.71660879633,636.9232453307811,0.0,0.0,143.59722222222223,5.699095273262565,0.0,0.0,14.35972222222222,0.0,0.0,0.0,186730.90399305557,628.0868396859382,0.0,0.0,603.53022875817,6.9958400735387025,0.0,60.353022875817,373440.90925925935,1289.077656632901,373440.8885416667,1289.0725135594205,978.0277777777778,9.225349976108813,0.0,0.0,97.80277777777778,0.0
168,0,0,900,2.2,200000,userspace,8,82.42,1.81,14.72,0.19,514,74531,142766,0,620450,24768553,36358148097,10441690,14711824749,13503,868380,16929,16929,178884.72430555557,11257.857465070698,0.0,0.0,134.88888888888889,10.22186484857134,0.0,0.0,13.48888888888889,0.0,0.0,0.0,178857.42173202615,11255.43742219996,0.0,0.0,614.7767565359477,41.63718413875716,0.0,61.47767565359477,357770.23634259263,22496.914485849476,357770.22314814816,22496.930322480028,899.5694444444443,57.871139716285214,0.0,0.0,89.95694444444445,0.0
169,0,0,900,2.4,200000,userspace,8,87.58,1.29,15.02,0.13,649,179962,212302,0,606440,27160022,39997705347,11430669,16155099502,12929,834067,21192,21192,199129.20069444444,625.0189582434483,0.0,0.0,61.87847222222222,5.451909840494011,0.0,0.0,6.1878472222222225,0.0,0.0,0.0,199136.11172385624,708.390417112829,0.0,0.0,363.6141748366013,136.38888414733395,0.0,36.361417483660134,398240.26030092593,1273.4676681245232,398240.2659722222,1273.4597051527935,907.3958333333334,24.83866332390287,0.0,0.0,90.73958333333333,0.0
170,0,0,900,2.6,200000,userspace,8,94.11,0.92,14.89,0.11,745,337217,292223,0,519868,27158042,40048219761,11453502,16180058045,13824,886701,13996,13996,199877.0697916667,182.31696272479758,0.0,0.0,57.395833333333336,5.061256614219281,0.0,0.0,5.739583333333334,0.0,0.0,0.0,199908.6934368192,152.14727330339997,0.0,0.0,383.1301062091503,54.55165572534951,0.0,38.31301062091504,399768.584837963,355.58235221151807,399768.5778935185,355.5896844499148,876.6597222222222,14.178174870536989,0.0,0.0,87.66597222222222,0.0
171,0,0,1000,1.2,200000,userspace,8,51.79,0.42,13.87,0.07,188,13139,36074,0,527775,12649861,18324037060,5380609,7444016641,16040,1029202,17188,17188,89702.54317129629,956.5717773805352,0.0,0.0,75.06944444444444,3.467181044218006,0.0,0.0,7.506944444444445,0.0,0.0,0.0,89710.52918368735,937.8633665114392,0.0,0.0,791.1770833333334,7.408813800648129,0.0,79.11770833333333,179427.4232638889,1911.2204519577692,179427.43541666667,1911.2209196190006,867.4027777777778,18.884587465618313,0.0,0.0,86.74027777777778,0.0
172,0,0,1000,1.4,200000,userspace,8,58.62,0.84,14.3,0.11,285,28651,109655,0,526769,15149460,22062627427,6460164,8932689476,14178,911404,14086,14086,108652.52916666666,987.7768085274729,0.0,0.0,39.982638888888886,3.6458654444505525,0.0,0.0,3.9982638888888884,0.0,0.0,0.0,108641.110791122,993.6742237975411,0.0,0.0,751.3905228758169,12.478691785108833,0.0,75.1390522875817,217274.81516203703,2017.7488664427478,217274.81412037037,2017.7504897683198,933.5694444444446,28.705182972372043,0.0,0.0,93.35694444444445,0.0
173,0,0,1000,1.6,200000,userspace,8,62.92,1.03,14.49,0.1,362,25478,108441,0,523076,19161369,28031382579,8102176,11344710019,13678,881800,21874,21874,138842.06359953704,1005.6349781639085,0.0,0.0,60.63194444444444,4.014532171303792,0.0,0.0,6.063194444444444,0.0,0.0,0.0,138798.81531181917,974.0952027589567,0.0,0.0,674.8794934640523,15.383508022628366,0.0,67.48794934640523,277644.5472222222,1976.5643770558972,277644.5293981482,1976.5614882188852,944.5486111111111,30.342993942230272,0.0,0.0,94.45486111111111,0.0
174,0,0,1000,1.8,200000,userspace,8,69.95,0.9,14.48,0.1,411,27522,64608,0,581596,19076122,27883984497,8040530,11284388085,14539,941083,29822,29822,138949.81267361113,474.34307557470436,0.0,0.0,120.76041666666666,4.5670544969231734,0.0,0.0,12.076041666666667,0.0,0.0,0.0,138950.0236791939,461.4525686373661,0.0,0.0,681.8327205882352,8.114429023507537,0.0,68.18327205882353,277900.21539351845,918.545887481298,277900.21469907404,918.5350629630489,903.3611111111111,13.913703178378494,0.0,0.0,90.33611111111111,0.0
175,0,0,1000,2.0,200000,userspace,8,74.25,1.27,14.93,0.2,509,49994,81834,0,628615,21947231,32188454043,9226334,13022242410,16098,1042324,36151,36151,159238.61186342593,2497.8800302703185,0.0,0.0,132.21875,6.173607849673674,0.0,0.0,13.221875,0.0,0.0,0.0,159195.24458061001,2502.6256465673896,0.0,0.0,653.1856617647059,9.818193252330357,0.0,65.3185661764706,318416.87824074074,5022.623239311022,318416.89872685185,5022.60171572626,899.1805555555555,23.795181340885293,0.0,0.0,89.91805555555555,0.0
176,0,0,1000,2.2,200000,userspace,8,80.13,0.55,14.48,0.09,413,48755,91655,0,592031,25211818,37096341947,10257721,14993224664,14570,946409,35403,35403,182770.45891203705,290.32515393356846,0.0,0.0,142.66319444444446,8.057122817024915,0.0,0.0,14.266319444444443,0.0,0.0,0.0,182785.01334082245,301.9439082173829,0.0,0.0,603.4916258169935,6.339987049990422,0.0,60.349162581699346,365530.5934027778,665.0244053329792,365530.6277777778,665.0365376473148,904.5625,3.3304881378461064,0.0,0.0,90.45625,0.0
177,0,0,1000,2.4,200000,userspace,8,88.92,1.26,14.57,0.15,660,309644,330477,0,492887,27100211,40052489696,11415644,16181502962,13807,894138,35722,35722,199791.10873842594,452.07931761641555,0.0,0.0,57.375,5.384764568271623,0.0,0.0,5.737500000000001,0.0,0.0,0.0,199789.5729268791,433.37859540421067,0.0,0.0,403.3892973856209,23.498458922603746,0.0,40.33892973856209,399559.03611111117,893.6267244743224,399559.0545138889,893.6278926614516,918.4305555555554,10.561361404158145,0.0,0.0,91.84305555555555,0.0
178,0,0,1000,2.6,200000,userspace,8,94.3,0.88,14.77,0.23,736,314611,270876,0,547110,27275229,40198840831,11339381,16232068664,13905,930213,96193,96193,200006.58657407408,57.68227741992514,0.0,0.0,135.0,4.542951981330905,0.0,0.0,13.5,0.0,0.0,0.0,199992.35032339324,30.775121830084252,0.0,0.0,351.40584150326794,25.748645183980642,0.0,35.1405841503268,399987.33125,96.47827307981774,399987.30983796297,96.47556430204797,880.1111111111111,13.554927793904394,0.0,0.0,88.0111111111111,0.0
